id,firstname,lastname,email,email2,profession
100,Devina,Laverne,Devina.Laverne@yopmail.com,Devina.Laverne@gmail.com,firefighter
101,Addia,Susannah,Addia.Susannah@yopmail.com,Addia.Susannah@gmail.com,firefighter
102,Reeba,Elisha,Reeba.Elisha@yopmail.com,Reeba.Elisha@gmail.com,police officer
103,Devina,Georas,Devina.Georas@yopmail.com,Devina.Georas@gmail.com,developer
104,Nataline,Suk,Nataline.Suk@yopmail.com,Nataline.Suk@gmail.com,developer
105,Zsa Zsa,Goldina,Zsa Zsa.Goldina@yopmail.com,Zsa Zsa.Goldina@gmail.com,doctor
106,Rori,Quent,Rori.Quent@yopmail.com,Rori.Quent@gmail.com,worker
107,Alameda,Cyrie,Alameda.Cyrie@yopmail.com,Alameda.Cyrie@gmail.com,firefighter
108,Margette,Yusuk,Margette.Yusuk@yopmail.com,Margette.Yusuk@gmail.com,developer
109,Linzy,Shaver,Linzy.Shaver@yopmail.com,Linzy.Shaver@gmail.com,worker
110,Elsie,Lorain,Elsie.Lorain@yopmail.com,Elsie.Lorain@gmail.com,developer
111,Goldie,Simmonds,Goldie.Simmonds@yopmail.com,Goldie.Simmonds@gmail.com,firefighter
112,Gretal,Stoller,Gretal.Stoller@yopmail.com,Gretal.Stoller@gmail.com,firefighter
113,Harrietta,Dorothy,Harrietta.Dorothy@yopmail.com,Harrietta.Dorothy@gmail.com,firefighter
114,Sonni,Marlie,Sonni.Marlie@yopmail.com,Sonni.Marlie@gmail.com,firefighter
115,Paulita,Halsey,Paulita.Halsey@yopmail.com,Paulita.Halsey@gmail.com,police officer
116,Rivalee,Gavrila,Rivalee.Gavrila@yopmail.com,Rivalee.Gavrila@gmail.com,doctor
117,Lizzie,McGrody,Lizzie.McGrody@yopmail.com,Lizzie.McGrody@gmail.com,developer
118,Ann-Marie,Linskey,Ann-Marie.Linskey@yopmail.com,Ann-Marie.Linskey@gmail.com,worker
119,Latisha,Parsaye,Latisha.Parsaye@yopmail.com,Latisha.Parsaye@gmail.com,firefighter
120,Candy,Gualtiero,Candy.Gualtiero@yopmail.com,Candy.Gualtiero@gmail.com,doctor
121,Emilia,Gusella,Emilia.Gusella@yopmail.com,Emilia.Gusella@gmail.com,doctor
122,Ida,Adamsen,Ida.Adamsen@yopmail.com,Ida.Adamsen@gmail.com,doctor
123,Caritta,Mauer,Caritta.Mauer@yopmail.com,Caritta.Mauer@gmail.com,developer
124,Kaja,Poppy,Kaja.Poppy@yopmail.com,Kaja.Poppy@gmail.com,developer
125,Nanete,Romelda,Nanete.Romelda@yopmail.com,Nanete.Romelda@gmail.com,developer
126,Aryn,Hermes,Aryn.Hermes@yopmail.com,Aryn.Hermes@gmail.com,developer
127,Lelah,Neils,Lelah.Neils@yopmail.com,Lelah.Neils@gmail.com,worker
128,Gratia,Lamoree,Gratia.Lamoree@yopmail.com,Gratia.Lamoree@gmail.com,police officer
129,Blake,Fitzsimmons,Blake.Fitzsimmons@yopmail.com,Blake.Fitzsimmons@gmail.com,firefighter
130,Lucy,Remmer,Lucy.Remmer@yopmail.com,Lucy.Remmer@gmail.com,police officer
131,Anica,Si,Anica.Si@yopmail.com,Anica.Si@gmail.com,developer
132,Goldie,Gaynor,Goldie.Gaynor@yopmail.com,Goldie.Gaynor@gmail.com,developer
133,Caritta,Nickola,Caritta.Nickola@yopmail.com,Caritta.Nickola@gmail.com,police officer
134,Carilyn,Pulsifer,Carilyn.Pulsifer@yopmail.com,Carilyn.Pulsifer@gmail.com,firefighter
135,Lynnea,Dermott,Lynnea.Dermott@yopmail.com,Lynnea.Dermott@gmail.com,doctor
136,Valera,Fosque,Valera.Fosque@yopmail.com,Valera.Fosque@gmail.com,developer
137,Rebeca,Timon,Rebeca.Timon@yopmail.com,Rebeca.Timon@gmail.com,doctor
138,Amelia,Dorine,Amelia.Dorine@yopmail.com,Amelia.Dorine@gmail.com,police officer
139,Pierette,Meter,Pierette.Meter@yopmail.com,Pierette.Meter@gmail.com,firefighter
140,Marcelline,Libna,Marcelline.Libna@yopmail.com,Marcelline.Libna@gmail.com,doctor
141,Teddie,Gilbertson,Teddie.Gilbertson@yopmail.com,Teddie.Gilbertson@gmail.com,firefighter
142,Josephine,Paton,Josephine.Paton@yopmail.com,Josephine.Paton@gmail.com,police officer
143,Bertine,Eachern,Bertine.Eachern@yopmail.com,Bertine.Eachern@gmail.com,firefighter
144,Genevra,Dimitris,Genevra.Dimitris@yopmail.com,Genevra.Dimitris@gmail.com,police officer
145,Violet,Ailyn,Violet.Ailyn@yopmail.com,Violet.Ailyn@gmail.com,police officer
146,Clementine,Torray,Clementine.Torray@yopmail.com,Clementine.Torray@gmail.com,worker
147,Madeleine,Warthman,Madeleine.Warthman@yopmail.com,Madeleine.Warthman@gmail.com,worker
148,Elora,Hazlett,Elora.Hazlett@yopmail.com,Elora.Hazlett@gmail.com,firefighter
149,Shaine,Orelee,Shaine.Orelee@yopmail.com,Shaine.Orelee@gmail.com,police officer
150,Glynnis,Stav,Glynnis.Stav@yopmail.com,Glynnis.Stav@gmail.com,doctor
151,Bertine,Kenney,Bertine.Kenney@yopmail.com,Bertine.Kenney@gmail.com,firefighter
152,Mara,Gilmour,Mara.Gilmour@yopmail.com,Mara.Gilmour@gmail.com,doctor
153,Jordan,Juan,Jordan.Juan@yopmail.com,Jordan.Juan@gmail.com,firefighter
154,Sashenka,Lutero,Sashenka.Lutero@yopmail.com,Sashenka.Lutero@gmail.com,doctor
155,Olivette,Burch,Olivette.Burch@yopmail.com,Olivette.Burch@gmail.com,police officer
156,Tobe,Wadell,Tobe.Wadell@yopmail.com,Tobe.Wadell@gmail.com,developer
157,Kellen,Donoghue,Kellen.Donoghue@yopmail.com,Kellen.Donoghue@gmail.com,developer
158,Tabbatha,Gert,Tabbatha.Gert@yopmail.com,Tabbatha.Gert@gmail.com,developer
159,Abbie,Lea,Abbie.Lea@yopmail.com,Abbie.Lea@gmail.com,doctor
160,Edee,Harriman,Edee.Harriman@yopmail.com,Edee.Harriman@gmail.com,firefighter
161,Alisha,Edison,Alisha.Edison@yopmail.com,Alisha.Edison@gmail.com,police officer
162,Dione,Huggins,Dione.Huggins@yopmail.com,Dione.Huggins@gmail.com,firefighter
163,Gaylene,Girardo,Gaylene.Girardo@yopmail.com,Gaylene.Girardo@gmail.com,developer
164,Merle,Amadas,Merle.Amadas@yopmail.com,Merle.Amadas@gmail.com,worker
165,Christian,Lattie,Christian.Lattie@yopmail.com,Christian.Lattie@gmail.com,police officer
166,Angela,Dex,Angela.Dex@yopmail.com,Angela.Dex@gmail.com,firefighter
167,Elbertina,Ardra,Elbertina.Ardra@yopmail.com,Elbertina.Ardra@gmail.com,developer
168,Tonia,Lowry,Tonia.Lowry@yopmail.com,Tonia.Lowry@gmail.com,developer
169,Stephanie,Dominy,Stephanie.Dominy@yopmail.com,Stephanie.Dominy@gmail.com,developer
170,Alie,Afton,Alie.Afton@yopmail.com,Alie.Afton@gmail.com,firefighter
171,Maryellen,Truc,Maryellen.Truc@yopmail.com,Maryellen.Truc@gmail.com,police officer
172,Kenna,Egbert,Kenna.Egbert@yopmail.com,Kenna.Egbert@gmail.com,firefighter
173,Amalie,Haymes,Amalie.Haymes@yopmail.com,Amalie.Haymes@gmail.com,police officer
174,Andeee,Mozelle,Andeee.Mozelle@yopmail.com,Andeee.Mozelle@gmail.com,doctor
175,Jsandye,Brotherson,Jsandye.Brotherson@yopmail.com,Jsandye.Brotherson@gmail.com,police officer
176,Kary,Grosz,Kary.Grosz@yopmail.com,Kary.Grosz@gmail.com,firefighter
177,Dari,Maxi,Dari.Maxi@yopmail.com,Dari.Maxi@gmail.com,worker
178,Stephanie,Gaal,Stephanie.Gaal@yopmail.com,Stephanie.Gaal@gmail.com,worker
179,Starla,Ferino,Starla.Ferino@yopmail.com,Starla.Ferino@gmail.com,police officer
180,June,Colyer,June.Colyer@yopmail.com,June.Colyer@gmail.com,worker
181,Netty,Chesna,Netty.Chesna@yopmail.com,Netty.Chesna@gmail.com,firefighter
182,Jaime,Yoko,Jaime.Yoko@yopmail.com,Jaime.Yoko@gmail.com,police officer
183,Liana,Leopold,Liana.Leopold@yopmail.com,Liana.Leopold@gmail.com,police officer
184,Wilma,Cordi,Wilma.Cordi@yopmail.com,Wilma.Cordi@gmail.com,police officer
185,Angela,Shirberg,Angela.Shirberg@yopmail.com,Angela.Shirberg@gmail.com,police officer
186,Hildegaard,Schroth,Hildegaard.Schroth@yopmail.com,Hildegaard.Schroth@gmail.com,developer
187,Trudie,Malvino,Trudie.Malvino@yopmail.com,Trudie.Malvino@gmail.com,police officer
188,Jany,Cookie,Jany.Cookie@yopmail.com,Jany.Cookie@gmail.com,firefighter
189,Natka,Alarise,Natka.Alarise@yopmail.com,Natka.Alarise@gmail.com,developer
190,Meg,Stephie,Meg.Stephie@yopmail.com,Meg.Stephie@gmail.com,worker
191,Ardys,Allare,Ardys.Allare@yopmail.com,Ardys.Allare@gmail.com,firefighter
192,Mireielle,Kunin,Mireielle.Kunin@yopmail.com,Mireielle.Kunin@gmail.com,police officer
193,Rhoda,Boycey,Rhoda.Boycey@yopmail.com,Rhoda.Boycey@gmail.com,doctor
194,Averyl,Hessler,Averyl.Hessler@yopmail.com,Averyl.Hessler@gmail.com,worker
195,Brynna,Posner,Brynna.Posner@yopmail.com,Brynna.Posner@gmail.com,developer
196,Maye,Si,Maye.Si@yopmail.com,Maye.Si@gmail.com,firefighter
197,Cissiee,Kirstin,Cissiee.Kirstin@yopmail.com,Cissiee.Kirstin@gmail.com,doctor
198,Leona,Gibbeon,Leona.Gibbeon@yopmail.com,Leona.Gibbeon@gmail.com,police officer
199,Penelopa,Richers,Penelopa.Richers@yopmail.com,Penelopa.Richers@gmail.com,police officer
200,Roseline,Bebe,Roseline.Bebe@yopmail.com,Roseline.Bebe@gmail.com,worker
201,Shandie,Anis,Shandie.Anis@yopmail.com,Shandie.Anis@gmail.com,police officer
202,Fanny,Earlie,Fanny.Earlie@yopmail.com,Fanny.Earlie@gmail.com,worker
203,Elora,Prouty,Elora.Prouty@yopmail.com,Elora.Prouty@gmail.com,police officer
204,Sharlene,Smitt,Sharlene.Smitt@yopmail.com,Sharlene.Smitt@gmail.com,developer
205,Feliza,Weitman,Feliza.Weitman@yopmail.com,Feliza.Weitman@gmail.com,police officer
206,Bee,Euridice,Bee.Euridice@yopmail.com,Bee.Euridice@gmail.com,developer
207,Rochette,Doig,Rochette.Doig@yopmail.com,Rochette.Doig@gmail.com,police officer
208,Damaris,Odysseus,Damaris.Odysseus@yopmail.com,Damaris.Odysseus@gmail.com,firefighter
209,Amelia,Vharat,Amelia.Vharat@yopmail.com,Amelia.Vharat@gmail.com,doctor
210,Elena,Allina,Elena.Allina@yopmail.com,Elena.Allina@gmail.com,police officer
211,Lyssa,Ethban,Lyssa.Ethban@yopmail.com,Lyssa.Ethban@gmail.com,doctor
212,Linet,Sherfield,Linet.Sherfield@yopmail.com,Linet.Sherfield@gmail.com,worker
213,Jacquetta,Marsden,Jacquetta.Marsden@yopmail.com,Jacquetta.Marsden@gmail.com,police officer
214,Maisey,Glovsky,Maisey.Glovsky@yopmail.com,Maisey.Glovsky@gmail.com,doctor
215,Stevana,Roarke,Stevana.Roarke@yopmail.com,Stevana.Roarke@gmail.com,worker
216,Cyndie,Marijo,Cyndie.Marijo@yopmail.com,Cyndie.Marijo@gmail.com,firefighter
217,Cacilie,Wesle,Cacilie.Wesle@yopmail.com,Cacilie.Wesle@gmail.com,developer
218,June,Smitt,June.Smitt@yopmail.com,June.Smitt@gmail.com,worker
219,Adelle,Velick,Adelle.Velick@yopmail.com,Adelle.Velick@gmail.com,firefighter
220,Cassandra,Gale,Cassandra.Gale@yopmail.com,Cassandra.Gale@gmail.com,doctor
221,Corina,Artie,Corina.Artie@yopmail.com,Corina.Artie@gmail.com,police officer
222,Tori,Merell,Tori.Merell@yopmail.com,Tori.Merell@gmail.com,police officer
223,Valli,Hylan,Valli.Hylan@yopmail.com,Valli.Hylan@gmail.com,doctor
224,Wilma,Urania,Wilma.Urania@yopmail.com,Wilma.Urania@gmail.com,police officer
225,Leia,Yate,Leia.Yate@yopmail.com,Leia.Yate@gmail.com,doctor
226,Codie,Hollingsworth,Codie.Hollingsworth@yopmail.com,Codie.Hollingsworth@gmail.com,developer
227,Gilligan,Capello,Gilligan.Capello@yopmail.com,Gilligan.Capello@gmail.com,developer
228,Gavrielle,Chick,Gavrielle.Chick@yopmail.com,Gavrielle.Chick@gmail.com,developer
229,Meriel,Thar,Meriel.Thar@yopmail.com,Meriel.Thar@gmail.com,police officer
230,Cathie,Ummersen,Cathie.Ummersen@yopmail.com,Cathie.Ummersen@gmail.com,police officer
231,Xylina,Cadmar,Xylina.Cadmar@yopmail.com,Xylina.Cadmar@gmail.com,developer
232,Deane,Oriana,Deane.Oriana@yopmail.com,Deane.Oriana@gmail.com,police officer
233,Ericka,Screens,Ericka.Screens@yopmail.com,Ericka.Screens@gmail.com,police officer
234,Ricky,Creamer,Ricky.Creamer@yopmail.com,Ricky.Creamer@gmail.com,doctor
235,Agathe,Halla,Agathe.Halla@yopmail.com,Agathe.Halla@gmail.com,doctor
236,Renae,Harned,Renae.Harned@yopmail.com,Renae.Harned@gmail.com,police officer
237,Penelopa,Turne,Penelopa.Turne@yopmail.com,Penelopa.Turne@gmail.com,doctor
238,Paola,Wyn,Paola.Wyn@yopmail.com,Paola.Wyn@gmail.com,police officer
239,Sindee,Anton,Sindee.Anton@yopmail.com,Sindee.Anton@gmail.com,developer
240,Doralynne,Ashok,Doralynne.Ashok@yopmail.com,Doralynne.Ashok@gmail.com,firefighter
241,Genevra,Brian,Genevra.Brian@yopmail.com,Genevra.Brian@gmail.com,worker
242,Annecorinne,Greenwald,Annecorinne.Greenwald@yopmail.com,Annecorinne.Greenwald@gmail.com,developer
243,Gwenneth,Vilma,Gwenneth.Vilma@yopmail.com,Gwenneth.Vilma@gmail.com,doctor
244,Betta,Odell,Betta.Odell@yopmail.com,Betta.Odell@gmail.com,police officer
245,Kathi,Donoghue,Kathi.Donoghue@yopmail.com,Kathi.Donoghue@gmail.com,worker
246,Tybie,Destinee,Tybie.Destinee@yopmail.com,Tybie.Destinee@gmail.com,firefighter
247,Adele,Ahab,Adele.Ahab@yopmail.com,Adele.Ahab@gmail.com,worker
248,Gerianna,Kevon,Gerianna.Kevon@yopmail.com,Gerianna.Kevon@gmail.com,police officer
249,Annora,Dannye,Annora.Dannye@yopmail.com,Annora.Dannye@gmail.com,police officer
250,Brynna,Rugen,Brynna.Rugen@yopmail.com,Brynna.Rugen@gmail.com,firefighter
251,Ricky,Pillsbury,Ricky.Pillsbury@yopmail.com,Ricky.Pillsbury@gmail.com,worker
252,Alexine,Erminia,Alexine.Erminia@yopmail.com,Alexine.Erminia@gmail.com,doctor
253,Frank,Tillford,Frank.Tillford@yopmail.com,Frank.Tillford@gmail.com,doctor
254,Oralee,Raimondo,Oralee.Raimondo@yopmail.com,Oralee.Raimondo@gmail.com,doctor
255,Margarette,Rurik,Margarette.Rurik@yopmail.com,Margarette.Rurik@gmail.com,police officer
256,Wanda,Tound,Wanda.Tound@yopmail.com,Wanda.Tound@gmail.com,police officer
257,Corry,Johnsson,Corry.Johnsson@yopmail.com,Corry.Johnsson@gmail.com,developer
258,Agathe,Westphal,Agathe.Westphal@yopmail.com,Agathe.Westphal@gmail.com,developer
259,Robbi,Kaja,Robbi.Kaja@yopmail.com,Robbi.Kaja@gmail.com,doctor
260,Corene,Saint,Corene.Saint@yopmail.com,Corene.Saint@gmail.com,developer
261,Livvyy,Poll,Livvyy.Poll@yopmail.com,Livvyy.Poll@gmail.com,developer
262,Chrystel,Peonir,Chrystel.Peonir@yopmail.com,Chrystel.Peonir@gmail.com,police officer
263,Jasmina,Wallis,Jasmina.Wallis@yopmail.com,Jasmina.Wallis@gmail.com,developer
264,Ricky,Lanita,Ricky.Lanita@yopmail.com,Ricky.Lanita@gmail.com,developer
265,Cherrita,McClimans,Cherrita.McClimans@yopmail.com,Cherrita.McClimans@gmail.com,doctor
266,Nerta,Friede,Nerta.Friede@yopmail.com,Nerta.Friede@gmail.com,developer
267,Tabbatha,Eben,Tabbatha.Eben@yopmail.com,Tabbatha.Eben@gmail.com,police officer
268,Ruthe,Rebecka,Ruthe.Rebecka@yopmail.com,Ruthe.Rebecka@gmail.com,firefighter
269,Suzette,Chick,Suzette.Chick@yopmail.com,Suzette.Chick@gmail.com,worker
270,Miquela,Campball,Miquela.Campball@yopmail.com,Miquela.Campball@gmail.com,developer
271,Ulrike,Cookie,Ulrike.Cookie@yopmail.com,Ulrike.Cookie@gmail.com,worker
272,Estell,Meter,Estell.Meter@yopmail.com,Estell.Meter@gmail.com,developer
273,Aubrie,Selway,Aubrie.Selway@yopmail.com,Aubrie.Selway@gmail.com,developer
274,Di,Loleta,Di.Loleta@yopmail.com,Di.Loleta@gmail.com,police officer
275,Georgetta,Karna,Georgetta.Karna@yopmail.com,Georgetta.Karna@gmail.com,worker
276,Letizia,Jena,Letizia.Jena@yopmail.com,Letizia.Jena@gmail.com,worker
277,Frances,Georgy,Frances.Georgy@yopmail.com,Frances.Georgy@gmail.com,worker
278,Marinna,Valerio,Marinna.Valerio@yopmail.com,Marinna.Valerio@gmail.com,developer
279,Jere,Dex,Jere.Dex@yopmail.com,Jere.Dex@gmail.com,police officer
280,Lynde,Maples,Lynde.Maples@yopmail.com,Lynde.Maples@gmail.com,firefighter
281,Lindie,Cutlerr,Lindie.Cutlerr@yopmail.com,Lindie.Cutlerr@gmail.com,developer
282,Allyce,Hortensia,Allyce.Hortensia@yopmail.com,Allyce.Hortensia@gmail.com,police officer
283,Charlena,Bury,Charlena.Bury@yopmail.com,Charlena.Bury@gmail.com,police officer
284,Sharlene,Terrence,Sharlene.Terrence@yopmail.com,Sharlene.Terrence@gmail.com,developer
285,Vivia,Wu,Vivia.Wu@yopmail.com,Vivia.Wu@gmail.com,firefighter
286,Rebeca,Lorain,Rebeca.Lorain@yopmail.com,Rebeca.Lorain@gmail.com,developer
287,Karena,Lia,Karena.Lia@yopmail.com,Karena.Lia@gmail.com,doctor
288,Kirstin,Olnee,Kirstin.Olnee@yopmail.com,Kirstin.Olnee@gmail.com,worker
289,Linzy,Gaspard,Linzy.Gaspard@yopmail.com,Linzy.Gaspard@gmail.com,developer
290,Angelique,Blake,Angelique.Blake@yopmail.com,Angelique.Blake@gmail.com,developer
291,Marguerite,Garlinda,Marguerite.Garlinda@yopmail.com,Marguerite.Garlinda@gmail.com,worker
292,Phylis,Mott,Phylis.Mott@yopmail.com,Phylis.Mott@gmail.com,police officer
293,Marti,Serilda,Marti.Serilda@yopmail.com,Marti.Serilda@gmail.com,police officer
294,Dacia,Douglass,Dacia.Douglass@yopmail.com,Dacia.Douglass@gmail.com,doctor
295,Joy,Germann,Joy.Germann@yopmail.com,Joy.Germann@gmail.com,developer
296,Edyth,Dex,Edyth.Dex@yopmail.com,Edyth.Dex@gmail.com,developer
297,Corene,Celestine,Corene.Celestine@yopmail.com,Corene.Celestine@gmail.com,police officer
298,Dorothy,Waldron,Dorothy.Waldron@yopmail.com,Dorothy.Waldron@gmail.com,police officer
299,Rochette,Allys,Rochette.Allys@yopmail.com,Rochette.Allys@gmail.com,developer
300,Kimmy,Brunell,Kimmy.Brunell@yopmail.com,Kimmy.Brunell@gmail.com,worker
301,Frieda,Juan,Frieda.Juan@yopmail.com,Frieda.Juan@gmail.com,police officer
302,Kara-Lynn,Prober,Kara-Lynn.Prober@yopmail.com,Kara-Lynn.Prober@gmail.com,firefighter
303,Coral,Kermit,Coral.Kermit@yopmail.com,Coral.Kermit@gmail.com,developer
304,Christian,Franza,Christian.Franza@yopmail.com,Christian.Franza@gmail.com,developer
305,Perry,Karylin,Perry.Karylin@yopmail.com,Perry.Karylin@gmail.com,firefighter
306,Millie,Mott,Millie.Mott@yopmail.com,Millie.Mott@gmail.com,firefighter
307,Kristan,Marisa,Kristan.Marisa@yopmail.com,Kristan.Marisa@gmail.com,police officer
308,Dorothy,Bivins,Dorothy.Bivins@yopmail.com,Dorothy.Bivins@gmail.com,developer
309,Rosanne,Chobot,Rosanne.Chobot@yopmail.com,Rosanne.Chobot@gmail.com,developer
310,Ann-Marie,Roscoe,Ann-Marie.Roscoe@yopmail.com,Ann-Marie.Roscoe@gmail.com,worker
311,Merry,Sasnett,Merry.Sasnett@yopmail.com,Merry.Sasnett@gmail.com,worker
312,Kaja,Lilybelle,Kaja.Lilybelle@yopmail.com,Kaja.Lilybelle@gmail.com,developer
313,Ericka,Boehike,Ericka.Boehike@yopmail.com,Ericka.Boehike@gmail.com,doctor
314,Sherrie,Gilbertson,Sherrie.Gilbertson@yopmail.com,Sherrie.Gilbertson@gmail.com,worker
315,Lita,Strephon,Lita.Strephon@yopmail.com,Lita.Strephon@gmail.com,doctor
316,Blondelle,Irmine,Blondelle.Irmine@yopmail.com,Blondelle.Irmine@gmail.com,firefighter
317,Candi,Evvie,Candi.Evvie@yopmail.com,Candi.Evvie@gmail.com,firefighter
318,Kathi,Gavrila,Kathi.Gavrila@yopmail.com,Kathi.Gavrila@gmail.com,worker
319,Tonia,Bakerman,Tonia.Bakerman@yopmail.com,Tonia.Bakerman@gmail.com,police officer
320,Ekaterina,Dom,Ekaterina.Dom@yopmail.com,Ekaterina.Dom@gmail.com,worker
321,Talya,Timon,Talya.Timon@yopmail.com,Talya.Timon@gmail.com,doctor
322,Frances,Tryck,Frances.Tryck@yopmail.com,Frances.Tryck@gmail.com,worker
323,Jaclyn,Thomasina,Jaclyn.Thomasina@yopmail.com,Jaclyn.Thomasina@gmail.com,police officer
324,Sherrie,Ackerley,Sherrie.Ackerley@yopmail.com,Sherrie.Ackerley@gmail.com,worker
325,Cissiee,Janene,Cissiee.Janene@yopmail.com,Cissiee.Janene@gmail.com,police officer
326,Jean,Carbo,Jean.Carbo@yopmail.com,Jean.Carbo@gmail.com,doctor
327,Courtnay,Joseph,Courtnay.Joseph@yopmail.com,Courtnay.Joseph@gmail.com,police officer
328,Tomasina,Septima,Tomasina.Septima@yopmail.com,Tomasina.Septima@gmail.com,developer
329,Bobinette,Gino,Bobinette.Gino@yopmail.com,Bobinette.Gino@gmail.com,police officer
330,Joleen,Dowski,Joleen.Dowski@yopmail.com,Joleen.Dowski@gmail.com,police officer
331,Henriette,Obed,Henriette.Obed@yopmail.com,Henriette.Obed@gmail.com,developer
332,Stacey,Bollay,Stacey.Bollay@yopmail.com,Stacey.Bollay@gmail.com,worker
333,Tabbatha,Christal,Tabbatha.Christal@yopmail.com,Tabbatha.Christal@gmail.com,doctor
334,Micheline,Earlie,Micheline.Earlie@yopmail.com,Micheline.Earlie@gmail.com,developer
335,Feliza,Sallyann,Feliza.Sallyann@yopmail.com,Feliza.Sallyann@gmail.com,police officer
336,Alameda,Talia,Alameda.Talia@yopmail.com,Alameda.Talia@gmail.com,firefighter
337,Margalo,Holtz,Margalo.Holtz@yopmail.com,Margalo.Holtz@gmail.com,doctor
338,Marcelline,Phaidra,Marcelline.Phaidra@yopmail.com,Marcelline.Phaidra@gmail.com,firefighter
339,Alleen,Bultman,Alleen.Bultman@yopmail.com,Alleen.Bultman@gmail.com,police officer
340,Lory,Raffo,Lory.Raffo@yopmail.com,Lory.Raffo@gmail.com,firefighter
341,Mahalia,Chandler,Mahalia.Chandler@yopmail.com,Mahalia.Chandler@gmail.com,doctor
342,Fina,Herrera,Fina.Herrera@yopmail.com,Fina.Herrera@gmail.com,police officer
343,Pierette,Jillane,Pierette.Jillane@yopmail.com,Pierette.Jillane@gmail.com,worker
344,Addia,Nore,Addia.Nore@yopmail.com,Addia.Nore@gmail.com,developer
345,Angelique,Neva,Angelique.Neva@yopmail.com,Angelique.Neva@gmail.com,firefighter
346,Blake,Dowski,Blake.Dowski@yopmail.com,Blake.Dowski@gmail.com,developer
347,Florencia,Wiener,Florencia.Wiener@yopmail.com,Florencia.Wiener@gmail.com,developer
348,Basia,Yusuk,Basia.Yusuk@yopmail.com,Basia.Yusuk@gmail.com,firefighter
349,Jean,Magdalen,Jean.Magdalen@yopmail.com,Jean.Magdalen@gmail.com,police officer
350,Jan,Berl,Jan.Berl@yopmail.com,Jan.Berl@gmail.com,police officer
351,Harmonia,Afton,Harmonia.Afton@yopmail.com,Harmonia.Afton@gmail.com,doctor
352,Farrah,Noman,Farrah.Noman@yopmail.com,Farrah.Noman@gmail.com,worker
353,Marjie,Freddi,Marjie.Freddi@yopmail.com,Marjie.Freddi@gmail.com,worker
354,Heida,Schroth,Heida.Schroth@yopmail.com,Heida.Schroth@gmail.com,developer
355,Darci,Slifka,Darci.Slifka@yopmail.com,Darci.Slifka@gmail.com,police officer
356,Sophia,Liebermann,Sophia.Liebermann@yopmail.com,Sophia.Liebermann@gmail.com,firefighter
357,Sara-Ann,Jobi,Sara-Ann.Jobi@yopmail.com,Sara-Ann.Jobi@gmail.com,developer
358,Tomasina,Garbe,Tomasina.Garbe@yopmail.com,Tomasina.Garbe@gmail.com,developer
359,Leontine,Bohlin,Leontine.Bohlin@yopmail.com,Leontine.Bohlin@gmail.com,firefighter
360,Drucie,Abernon,Drucie.Abernon@yopmail.com,Drucie.Abernon@gmail.com,police officer
361,Mireielle,Lay,Mireielle.Lay@yopmail.com,Mireielle.Lay@gmail.com,developer
362,Aurelie,Stephie,Aurelie.Stephie@yopmail.com,Aurelie.Stephie@gmail.com,firefighter
363,Kristina,Edvard,Kristina.Edvard@yopmail.com,Kristina.Edvard@gmail.com,worker
364,Aryn,Kimmie,Aryn.Kimmie@yopmail.com,Aryn.Kimmie@gmail.com,doctor
365,Rani,Nore,Rani.Nore@yopmail.com,Rani.Nore@gmail.com,firefighter
366,Meg,Fiester,Meg.Fiester@yopmail.com,Meg.Fiester@gmail.com,worker
367,Mariele,Phaidra,Mariele.Phaidra@yopmail.com,Mariele.Phaidra@gmail.com,firefighter
368,Elsie,Ries,Elsie.Ries@yopmail.com,Elsie.Ries@gmail.com,police officer
369,Marjie,Shaddock,Marjie.Shaddock@yopmail.com,Marjie.Shaddock@gmail.com,developer
370,Felice,Corrine,Felice.Corrine@yopmail.com,Felice.Corrine@gmail.com,doctor
371,Sharai,Frodi,Sharai.Frodi@yopmail.com,Sharai.Frodi@gmail.com,doctor
372,Lynea,Gwenore,Lynea.Gwenore@yopmail.com,Lynea.Gwenore@gmail.com,developer
373,Claresta,Dosia,Claresta.Dosia@yopmail.com,Claresta.Dosia@gmail.com,worker
374,Neila,Taima,Neila.Taima@yopmail.com,Neila.Taima@gmail.com,police officer
375,Merci,Emerson,Merci.Emerson@yopmail.com,Merci.Emerson@gmail.com,developer
376,Tressa,Jorgan,Tressa.Jorgan@yopmail.com,Tressa.Jorgan@gmail.com,police officer
377,Calla,Melan,Calla.Melan@yopmail.com,Calla.Melan@gmail.com,police officer
378,Dione,Eldrid,Dione.Eldrid@yopmail.com,Dione.Eldrid@gmail.com,doctor
379,Hannis,Tamsky,Hannis.Tamsky@yopmail.com,Hannis.Tamsky@gmail.com,worker
380,Alyssa,Seessel,Alyssa.Seessel@yopmail.com,Alyssa.Seessel@gmail.com,firefighter
381,Carly,Rhu,Carly.Rhu@yopmail.com,Carly.Rhu@gmail.com,police officer
382,Rozele,Love,Rozele.Love@yopmail.com,Rozele.Love@gmail.com,firefighter
383,Linet,Longfellow,Linet.Longfellow@yopmail.com,Linet.Longfellow@gmail.com,developer
384,Nananne,Brenn,Nananne.Brenn@yopmail.com,Nananne.Brenn@gmail.com,firefighter
385,Edyth,Fink,Edyth.Fink@yopmail.com,Edyth.Fink@gmail.com,doctor
386,Ingrid,Thornburg,Ingrid.Thornburg@yopmail.com,Ingrid.Thornburg@gmail.com,doctor
387,Pamella,Wildermuth,Pamella.Wildermuth@yopmail.com,Pamella.Wildermuth@gmail.com,developer
388,Chere,Yuille,Chere.Yuille@yopmail.com,Chere.Yuille@gmail.com,police officer
389,Lynde,Alejoa,Lynde.Alejoa@yopmail.com,Lynde.Alejoa@gmail.com,worker
390,Gerianna,Seessel,Gerianna.Seessel@yopmail.com,Gerianna.Seessel@gmail.com,firefighter
391,Almeta,Goerke,Almeta.Goerke@yopmail.com,Almeta.Goerke@gmail.com,worker
392,Alex,Travax,Alex.Travax@yopmail.com,Alex.Travax@gmail.com,police officer
393,Demetris,Yoko,Demetris.Yoko@yopmail.com,Demetris.Yoko@gmail.com,police officer
394,Clarice,Kesley,Clarice.Kesley@yopmail.com,Clarice.Kesley@gmail.com,doctor
395,Codie,Hanleigh,Codie.Hanleigh@yopmail.com,Codie.Hanleigh@gmail.com,police officer
396,Jany,Artie,Jany.Artie@yopmail.com,Jany.Artie@gmail.com,firefighter
397,Meriel,Tiffa,Meriel.Tiffa@yopmail.com,Meriel.Tiffa@gmail.com,firefighter
398,Elie,Llovera,Elie.Llovera@yopmail.com,Elie.Llovera@gmail.com,worker
399,Janis,Jenness,Janis.Jenness@yopmail.com,Janis.Jenness@gmail.com,firefighter
400,Cacilie,Fleeta,Cacilie.Fleeta@yopmail.com,Cacilie.Fleeta@gmail.com,police officer
401,Carilyn,Llovera,Carilyn.Llovera@yopmail.com,Carilyn.Llovera@gmail.com,firefighter
402,Karlee,Pozzy,Karlee.Pozzy@yopmail.com,Karlee.Pozzy@gmail.com,developer
403,Cacilie,Minetta,Cacilie.Minetta@yopmail.com,Cacilie.Minetta@gmail.com,developer
404,Eugine,Revkah,Eugine.Revkah@yopmail.com,Eugine.Revkah@gmail.com,developer
405,Andree,Salvidor,Andree.Salvidor@yopmail.com,Andree.Salvidor@gmail.com,firefighter
406,Ricky,Schwejda,Ricky.Schwejda@yopmail.com,Ricky.Schwejda@gmail.com,police officer
407,Gavrielle,Franza,Gavrielle.Franza@yopmail.com,Gavrielle.Franza@gmail.com,police officer
408,Mariele,Love,Mariele.Love@yopmail.com,Mariele.Love@gmail.com,doctor
409,Sheree,Trey,Sheree.Trey@yopmail.com,Sheree.Trey@gmail.com,developer
410,Luci,Therine,Luci.Therine@yopmail.com,Luci.Therine@gmail.com,police officer
411,Rosanne,Cordi,Rosanne.Cordi@yopmail.com,Rosanne.Cordi@gmail.com,developer
412,Alex,Seligman,Alex.Seligman@yopmail.com,Alex.Seligman@gmail.com,worker
413,Carilyn,Adalbert,Carilyn.Adalbert@yopmail.com,Carilyn.Adalbert@gmail.com,firefighter
414,Sharlene,Tamar,Sharlene.Tamar@yopmail.com,Sharlene.Tamar@gmail.com,worker
415,Juliane,Zola,Juliane.Zola@yopmail.com,Juliane.Zola@gmail.com,doctor
416,Danny,Sabella,Danny.Sabella@yopmail.com,Danny.Sabella@gmail.com,worker
417,Cyndie,Drus,Cyndie.Drus@yopmail.com,Cyndie.Drus@gmail.com,developer
418,Jillayne,Ophelia,Jillayne.Ophelia@yopmail.com,Jillayne.Ophelia@gmail.com,doctor
419,Angela,Croix,Angela.Croix@yopmail.com,Angela.Croix@gmail.com,doctor
420,Rivalee,Lattie,Rivalee.Lattie@yopmail.com,Rivalee.Lattie@gmail.com,doctor
421,Calla,Olympium,Calla.Olympium@yopmail.com,Calla.Olympium@gmail.com,firefighter
422,Hannis,Tiffa,Hannis.Tiffa@yopmail.com,Hannis.Tiffa@gmail.com,developer
423,Frieda,Colleen,Frieda.Colleen@yopmail.com,Frieda.Colleen@gmail.com,firefighter
424,Johna,Regan,Johna.Regan@yopmail.com,Johna.Regan@gmail.com,worker
425,Marinna,Gregrory,Marinna.Gregrory@yopmail.com,Marinna.Gregrory@gmail.com,police officer
426,Dulcinea,Silvan,Dulcinea.Silvan@yopmail.com,Dulcinea.Silvan@gmail.com,worker
427,Jacenta,Raychel,Jacenta.Raychel@yopmail.com,Jacenta.Raychel@gmail.com,worker
428,Karolina,Cutlerr,Karolina.Cutlerr@yopmail.com,Karolina.Cutlerr@gmail.com,police officer
429,Kimmy,Voletta,Kimmy.Voletta@yopmail.com,Kimmy.Voletta@gmail.com,developer
430,Ann-Marie,Regan,Ann-Marie.Regan@yopmail.com,Ann-Marie.Regan@gmail.com,developer
431,Pearline,Sparhawk,Pearline.Sparhawk@yopmail.com,Pearline.Sparhawk@gmail.com,firefighter
432,Margarette,Arley,Margarette.Arley@yopmail.com,Margarette.Arley@gmail.com,developer
433,Loree,Kermit,Loree.Kermit@yopmail.com,Loree.Kermit@gmail.com,developer
434,Chloris,Couture,Chloris.Couture@yopmail.com,Chloris.Couture@gmail.com,police officer
435,Marcy,Orelee,Marcy.Orelee@yopmail.com,Marcy.Orelee@gmail.com,doctor
436,Karina,Deny,Karina.Deny@yopmail.com,Karina.Deny@gmail.com,firefighter
437,Cathie,Peonir,Cathie.Peonir@yopmail.com,Cathie.Peonir@gmail.com,worker
438,Cyndie,Lemuela,Cyndie.Lemuela@yopmail.com,Cyndie.Lemuela@gmail.com,police officer
439,Gilligan,Kat,Gilligan.Kat@yopmail.com,Gilligan.Kat@gmail.com,worker
440,Jorry,Rebecka,Jorry.Rebecka@yopmail.com,Jorry.Rebecka@gmail.com,police officer
441,Donnie,Bahr,Donnie.Bahr@yopmail.com,Donnie.Bahr@gmail.com,worker
442,Brianna,Pozzy,Brianna.Pozzy@yopmail.com,Brianna.Pozzy@gmail.com,firefighter
443,Hollie,Delacourt,Hollie.Delacourt@yopmail.com,Hollie.Delacourt@gmail.com,police officer
444,Jordan,Annabella,Jordan.Annabella@yopmail.com,Jordan.Annabella@gmail.com,worker
445,Belva,Pelagias,Belva.Pelagias@yopmail.com,Belva.Pelagias@gmail.com,developer
446,Karolina,Barrus,Karolina.Barrus@yopmail.com,Karolina.Barrus@gmail.com,firefighter
447,Marylou,Elephus,Marylou.Elephus@yopmail.com,Marylou.Elephus@gmail.com,police officer
448,Bertine,Wildermuth,Bertine.Wildermuth@yopmail.com,Bertine.Wildermuth@gmail.com,doctor
449,Nonnah,Amand,Nonnah.Amand@yopmail.com,Nonnah.Amand@gmail.com,worker
450,Raf,Natica,Raf.Natica@yopmail.com,Raf.Natica@gmail.com,doctor
451,Bernie,Wilkinson,Bernie.Wilkinson@yopmail.com,Bernie.Wilkinson@gmail.com,developer
452,Tami,Meli,Tami.Meli@yopmail.com,Tami.Meli@gmail.com,firefighter
453,Zia,Evangelia,Zia.Evangelia@yopmail.com,Zia.Evangelia@gmail.com,developer
454,Flory,Haymes,Flory.Haymes@yopmail.com,Flory.Haymes@gmail.com,police officer
455,Brooks,Flyn,Brooks.Flyn@yopmail.com,Brooks.Flyn@gmail.com,developer
456,Leeanne,Stilwell,Leeanne.Stilwell@yopmail.com,Leeanne.Stilwell@gmail.com,worker
457,Elsie,Shaver,Elsie.Shaver@yopmail.com,Elsie.Shaver@gmail.com,police officer
458,Basia,Noelyn,Basia.Noelyn@yopmail.com,Basia.Noelyn@gmail.com,doctor
459,Gavrielle,Dunkin,Gavrielle.Dunkin@yopmail.com,Gavrielle.Dunkin@gmail.com,developer
460,Myriam,Bultman,Myriam.Bultman@yopmail.com,Myriam.Bultman@gmail.com,doctor
461,Anestassia,Fax,Anestassia.Fax@yopmail.com,Anestassia.Fax@gmail.com,firefighter
462,Amii,Suanne,Amii.Suanne@yopmail.com,Amii.Suanne@gmail.com,developer
463,Maurene,Sperling,Maurene.Sperling@yopmail.com,Maurene.Sperling@gmail.com,worker
464,Genevra,Anderea,Genevra.Anderea@yopmail.com,Genevra.Anderea@gmail.com,firefighter
465,Dania,McCutcheon,Dania.McCutcheon@yopmail.com,Dania.McCutcheon@gmail.com,worker
466,Janenna,Delacourt,Janenna.Delacourt@yopmail.com,Janenna.Delacourt@gmail.com,worker
467,Alleen,Sharl,Alleen.Sharl@yopmail.com,Alleen.Sharl@gmail.com,firefighter
468,Coral,Merell,Coral.Merell@yopmail.com,Coral.Merell@gmail.com,firefighter
469,Elise,Telfer,Elise.Telfer@yopmail.com,Elise.Telfer@gmail.com,firefighter
470,Janeczka,Moina,Janeczka.Moina@yopmail.com,Janeczka.Moina@gmail.com,firefighter
471,Riannon,Sherfield,Riannon.Sherfield@yopmail.com,Riannon.Sherfield@gmail.com,doctor
472,Jennica,Bevin,Jennica.Bevin@yopmail.com,Jennica.Bevin@gmail.com,developer
473,Stacey,Stephie,Stacey.Stephie@yopmail.com,Stacey.Stephie@gmail.com,developer
474,Ira,Stuart,Ira.Stuart@yopmail.com,Ira.Stuart@gmail.com,worker
475,Ninnetta,Erich,Ninnetta.Erich@yopmail.com,Ninnetta.Erich@gmail.com,developer
476,Carilyn,Kosey,Carilyn.Kosey@yopmail.com,Carilyn.Kosey@gmail.com,doctor
477,Edee,Hamil,Edee.Hamil@yopmail.com,Edee.Hamil@gmail.com,developer
478,Alejandra,Croix,Alejandra.Croix@yopmail.com,Alejandra.Croix@gmail.com,developer
479,Hildegaard,Dimitris,Hildegaard.Dimitris@yopmail.com,Hildegaard.Dimitris@gmail.com,firefighter
480,Calla,Bronk,Calla.Bronk@yopmail.com,Calla.Bronk@gmail.com,firefighter
481,Molli,Ephrem,Molli.Ephrem@yopmail.com,Molli.Ephrem@gmail.com,firefighter
482,Lucille,Meter,Lucille.Meter@yopmail.com,Lucille.Meter@gmail.com,worker
483,Jan,Blake,Jan.Blake@yopmail.com,Jan.Blake@gmail.com,worker
484,Rosanne,Pascia,Rosanne.Pascia@yopmail.com,Rosanne.Pascia@gmail.com,doctor
485,Melodie,Ioab,Melodie.Ioab@yopmail.com,Melodie.Ioab@gmail.com,worker
486,Donnie,Fairweather,Donnie.Fairweather@yopmail.com,Donnie.Fairweather@gmail.com,developer
487,Orsola,Saree,Orsola.Saree@yopmail.com,Orsola.Saree@gmail.com,worker
488,Darci,Cutlerr,Darci.Cutlerr@yopmail.com,Darci.Cutlerr@gmail.com,worker
489,Genevra,Belanger,Genevra.Belanger@yopmail.com,Genevra.Belanger@gmail.com,doctor
490,Deirdre,Peg,Deirdre.Peg@yopmail.com,Deirdre.Peg@gmail.com,worker
491,Ilse,Sundin,Ilse.Sundin@yopmail.com,Ilse.Sundin@gmail.com,police officer
492,Janenna,Tamsky,Janenna.Tamsky@yopmail.com,Janenna.Tamsky@gmail.com,firefighter
493,Rozele,Jerald,Rozele.Jerald@yopmail.com,Rozele.Jerald@gmail.com,police officer
494,Lory,Germann,Lory.Germann@yopmail.com,Lory.Germann@gmail.com,police officer
495,Netty,Kendrick,Netty.Kendrick@yopmail.com,Netty.Kendrick@gmail.com,developer
496,Nariko,Dreda,Nariko.Dreda@yopmail.com,Nariko.Dreda@gmail.com,firefighter
497,Vevay,Hachmin,Vevay.Hachmin@yopmail.com,Vevay.Hachmin@gmail.com,worker
498,Brynna,Grobe,Brynna.Grobe@yopmail.com,Brynna.Grobe@gmail.com,police officer
499,Joy,Aaberg,Joy.Aaberg@yopmail.com,Joy.Aaberg@gmail.com,worker
500,Amelia,Peonir,Amelia.Peonir@yopmail.com,Amelia.Peonir@gmail.com,firefighter
501,Nyssa,Deegan,Nyssa.Deegan@yopmail.com,Nyssa.Deegan@gmail.com,firefighter
502,Madalyn,Blisse,Madalyn.Blisse@yopmail.com,Madalyn.Blisse@gmail.com,developer
503,Fernande,Jerold,Fernande.Jerold@yopmail.com,Fernande.Jerold@gmail.com,doctor
504,Maye,Cosenza,Maye.Cosenza@yopmail.com,Maye.Cosenza@gmail.com,firefighter
505,Correy,Kaete,Correy.Kaete@yopmail.com,Correy.Kaete@gmail.com,developer
506,Kial,Dosia,Kial.Dosia@yopmail.com,Kial.Dosia@gmail.com,firefighter
507,Bertine,Shields,Bertine.Shields@yopmail.com,Bertine.Shields@gmail.com,worker
508,Louella,Bouchard,Louella.Bouchard@yopmail.com,Louella.Bouchard@gmail.com,worker
509,Fernande,Rona,Fernande.Rona@yopmail.com,Fernande.Rona@gmail.com,doctor
510,Ebonee,Odysseus,Ebonee.Odysseus@yopmail.com,Ebonee.Odysseus@gmail.com,doctor
511,Barbi,Koehler,Barbi.Koehler@yopmail.com,Barbi.Koehler@gmail.com,worker
512,Lyssa,Guthrie,Lyssa.Guthrie@yopmail.com,Lyssa.Guthrie@gmail.com,firefighter
513,Perry,Bollay,Perry.Bollay@yopmail.com,Perry.Bollay@gmail.com,worker
514,Chastity,Erminia,Chastity.Erminia@yopmail.com,Chastity.Erminia@gmail.com,developer
515,Fina,Thilda,Fina.Thilda@yopmail.com,Fina.Thilda@gmail.com,developer
516,Justinn,Koziara,Justinn.Koziara@yopmail.com,Justinn.Koziara@gmail.com,firefighter
517,Bee,Niles,Bee.Niles@yopmail.com,Bee.Niles@gmail.com,police officer
518,Cyb,Chandler,Cyb.Chandler@yopmail.com,Cyb.Chandler@gmail.com,worker
519,Jennica,Berriman,Jennica.Berriman@yopmail.com,Jennica.Berriman@gmail.com,police officer
520,Brana,Colp,Brana.Colp@yopmail.com,Brana.Colp@gmail.com,developer
521,Maud,Secrest,Maud.Secrest@yopmail.com,Maud.Secrest@gmail.com,developer
522,Lita,Paine,Lita.Paine@yopmail.com,Lita.Paine@gmail.com,firefighter
523,Randa,Jagir,Randa.Jagir@yopmail.com,Randa.Jagir@gmail.com,doctor
524,Kirbee,Engdahl,Kirbee.Engdahl@yopmail.com,Kirbee.Engdahl@gmail.com,developer
525,Glenda,Sekofski,Glenda.Sekofski@yopmail.com,Glenda.Sekofski@gmail.com,firefighter
526,Jorry,Kermit,Jorry.Kermit@yopmail.com,Jorry.Kermit@gmail.com,worker
527,Ketti,Madaih,Ketti.Madaih@yopmail.com,Ketti.Madaih@gmail.com,police officer
528,Shauna,Han,Shauna.Han@yopmail.com,Shauna.Han@gmail.com,police officer
529,Dulce,Bobbee,Dulce.Bobbee@yopmail.com,Dulce.Bobbee@gmail.com,worker
530,Kelly,Stover,Kelly.Stover@yopmail.com,Kelly.Stover@gmail.com,police officer
531,Justinn,Genna,Justinn.Genna@yopmail.com,Justinn.Genna@gmail.com,firefighter
532,Gavrielle,Kermit,Gavrielle.Kermit@yopmail.com,Gavrielle.Kermit@gmail.com,worker
533,Cristine,Moina,Cristine.Moina@yopmail.com,Cristine.Moina@gmail.com,developer
534,Diena,Margret,Diena.Margret@yopmail.com,Diena.Margret@gmail.com,worker
535,Alisha,Couture,Alisha.Couture@yopmail.com,Alisha.Couture@gmail.com,worker
536,Joceline,Plato,Joceline.Plato@yopmail.com,Joceline.Plato@gmail.com,developer
537,Leona,Freddi,Leona.Freddi@yopmail.com,Leona.Freddi@gmail.com,worker
538,Roseline,Adalbert,Roseline.Adalbert@yopmail.com,Roseline.Adalbert@gmail.com,doctor
539,Jacquetta,Merna,Jacquetta.Merna@yopmail.com,Jacquetta.Merna@gmail.com,worker
540,Chere,Fredi,Chere.Fredi@yopmail.com,Chere.Fredi@gmail.com,worker
541,Jerry,Publia,Jerry.Publia@yopmail.com,Jerry.Publia@gmail.com,police officer
542,Sindee,Dominy,Sindee.Dominy@yopmail.com,Sindee.Dominy@gmail.com,doctor
543,Max,Dalli,Max.Dalli@yopmail.com,Max.Dalli@gmail.com,doctor
544,Elmira,Casimir,Elmira.Casimir@yopmail.com,Elmira.Casimir@gmail.com,doctor
545,Cathyleen,Couture,Cathyleen.Couture@yopmail.com,Cathyleen.Couture@gmail.com,police officer
546,Lanae,Trace,Lanae.Trace@yopmail.com,Lanae.Trace@gmail.com,worker
547,Chloris,Brenn,Chloris.Brenn@yopmail.com,Chloris.Brenn@gmail.com,firefighter
548,Sharai,Koehler,Sharai.Koehler@yopmail.com,Sharai.Koehler@gmail.com,police officer
549,Kittie,Zaslow,Kittie.Zaslow@yopmail.com,Kittie.Zaslow@gmail.com,doctor
550,Adele,Rurik,Adele.Rurik@yopmail.com,Adele.Rurik@gmail.com,doctor
551,Nataline,Kare,Nataline.Kare@yopmail.com,Nataline.Kare@gmail.com,developer
552,Glenda,Juan,Glenda.Juan@yopmail.com,Glenda.Juan@gmail.com,doctor
553,Blondelle,Martsen,Blondelle.Martsen@yopmail.com,Blondelle.Martsen@gmail.com,developer
554,Cindelyn,Buckler,Cindelyn.Buckler@yopmail.com,Cindelyn.Buckler@gmail.com,developer
555,Rosene,Eachern,Rosene.Eachern@yopmail.com,Rosene.Eachern@gmail.com,developer
556,Veda,Sabella,Veda.Sabella@yopmail.com,Veda.Sabella@gmail.com,firefighter
557,Josephine,Kevon,Josephine.Kevon@yopmail.com,Josephine.Kevon@gmail.com,developer
558,Dale,Ciro,Dale.Ciro@yopmail.com,Dale.Ciro@gmail.com,police officer
559,Melina,Kellby,Melina.Kellby@yopmail.com,Melina.Kellby@gmail.com,developer
560,Reeba,Artie,Reeba.Artie@yopmail.com,Reeba.Artie@gmail.com,worker
561,Cherrita,Fontana,Cherrita.Fontana@yopmail.com,Cherrita.Fontana@gmail.com,developer
562,Rori,Abernon,Rori.Abernon@yopmail.com,Rori.Abernon@gmail.com,police officer
563,Giustina,Nea,Giustina.Nea@yopmail.com,Giustina.Nea@gmail.com,police officer
564,Albertina,Himelman,Albertina.Himelman@yopmail.com,Albertina.Himelman@gmail.com,firefighter
565,Elena,Fennessy,Elena.Fennessy@yopmail.com,Elena.Fennessy@gmail.com,police officer
566,Dianemarie,Matthew,Dianemarie.Matthew@yopmail.com,Dianemarie.Matthew@gmail.com,doctor
567,Kalina,Freddi,Kalina.Freddi@yopmail.com,Kalina.Freddi@gmail.com,worker
568,Sharlene,Margret,Sharlene.Margret@yopmail.com,Sharlene.Margret@gmail.com,firefighter
569,Ofilia,Valerio,Ofilia.Valerio@yopmail.com,Ofilia.Valerio@gmail.com,firefighter
570,Clary,Rillings,Clary.Rillings@yopmail.com,Clary.Rillings@gmail.com,police officer
571,Marti,Argus,Marti.Argus@yopmail.com,Marti.Argus@gmail.com,firefighter
572,Nannie,Fiann,Nannie.Fiann@yopmail.com,Nannie.Fiann@gmail.com,firefighter
573,Millie,Heisel,Millie.Heisel@yopmail.com,Millie.Heisel@gmail.com,doctor
574,Bobinette,Lindemann,Bobinette.Lindemann@yopmail.com,Bobinette.Lindemann@gmail.com,developer
575,Corina,Jobi,Corina.Jobi@yopmail.com,Corina.Jobi@gmail.com,worker
576,Moyna,Margret,Moyna.Margret@yopmail.com,Moyna.Margret@gmail.com,doctor
577,Gabriellia,Thunell,Gabriellia.Thunell@yopmail.com,Gabriellia.Thunell@gmail.com,firefighter
578,Donnie,Eno,Donnie.Eno@yopmail.com,Donnie.Eno@gmail.com,doctor
579,Isa,Tengdin,Isa.Tengdin@yopmail.com,Isa.Tengdin@gmail.com,worker
580,Moyna,Brotherson,Moyna.Brotherson@yopmail.com,Moyna.Brotherson@gmail.com,developer
581,Sashenka,Durante,Sashenka.Durante@yopmail.com,Sashenka.Durante@gmail.com,worker
582,Gabriellia,Neils,Gabriellia.Neils@yopmail.com,Gabriellia.Neils@gmail.com,firefighter
583,Farrah,Lalitta,Farrah.Lalitta@yopmail.com,Farrah.Lalitta@gmail.com,firefighter
584,Antonietta,Fadiman,Antonietta.Fadiman@yopmail.com,Antonietta.Fadiman@gmail.com,police officer
585,Marika,Zeeba,Marika.Zeeba@yopmail.com,Marika.Zeeba@gmail.com,firefighter
586,Lita,Weinreb,Lita.Weinreb@yopmail.com,Lita.Weinreb@gmail.com,worker
587,Dania,Remmer,Dania.Remmer@yopmail.com,Dania.Remmer@gmail.com,police officer
588,Orsola,Garrison,Orsola.Garrison@yopmail.com,Orsola.Garrison@gmail.com,firefighter
589,Sheelagh,Belldas,Sheelagh.Belldas@yopmail.com,Sheelagh.Belldas@gmail.com,doctor
590,Zaria,Fredi,Zaria.Fredi@yopmail.com,Zaria.Fredi@gmail.com,developer
591,Nonnah,Elbertina,Nonnah.Elbertina@yopmail.com,Nonnah.Elbertina@gmail.com,doctor
592,Harmonia,Hertzfeld,Harmonia.Hertzfeld@yopmail.com,Harmonia.Hertzfeld@gmail.com,developer
593,Sibella,Whiffen,Sibella.Whiffen@yopmail.com,Sibella.Whiffen@gmail.com,developer
594,Minda,Fillbert,Minda.Fillbert@yopmail.com,Minda.Fillbert@gmail.com,police officer
595,Phylis,Bahr,Phylis.Bahr@yopmail.com,Phylis.Bahr@gmail.com,doctor
596,Clarice,Alwin,Clarice.Alwin@yopmail.com,Clarice.Alwin@gmail.com,developer
597,Claresta,Gherardo,Claresta.Gherardo@yopmail.com,Claresta.Gherardo@gmail.com,firefighter
598,Fernande,Ulphia,Fernande.Ulphia@yopmail.com,Fernande.Ulphia@gmail.com,police officer
599,Liana,Edison,Liana.Edison@yopmail.com,Liana.Edison@gmail.com,worker
600,Lenna,Jalbert,Lenna.Jalbert@yopmail.com,Lenna.Jalbert@gmail.com,developer
601,Lynde,Alarise,Lynde.Alarise@yopmail.com,Lynde.Alarise@gmail.com,doctor
602,Max,Nunci,Max.Nunci@yopmail.com,Max.Nunci@gmail.com,doctor
603,Orelia,Minetta,Orelia.Minetta@yopmail.com,Orelia.Minetta@gmail.com,doctor
604,Barbi,Sheedy,Barbi.Sheedy@yopmail.com,Barbi.Sheedy@gmail.com,doctor
605,Augustine,Behre,Augustine.Behre@yopmail.com,Augustine.Behre@gmail.com,firefighter
606,Ellette,Norvol,Ellette.Norvol@yopmail.com,Ellette.Norvol@gmail.com,developer
607,Bettine,Malanie,Bettine.Malanie@yopmail.com,Bettine.Malanie@gmail.com,doctor
608,Debee,Rossner,Debee.Rossner@yopmail.com,Debee.Rossner@gmail.com,firefighter
609,Bernie,Bettine,Bernie.Bettine@yopmail.com,Bernie.Bettine@gmail.com,firefighter
610,Melina,Ade,Melina.Ade@yopmail.com,Melina.Ade@gmail.com,worker
611,Kirbee,Chinua,Kirbee.Chinua@yopmail.com,Kirbee.Chinua@gmail.com,firefighter
612,Hildegaard,Thunell,Hildegaard.Thunell@yopmail.com,Hildegaard.Thunell@gmail.com,firefighter
613,Lusa,Bollay,Lusa.Bollay@yopmail.com,Lusa.Bollay@gmail.com,developer
614,Maisey,Kellby,Maisey.Kellby@yopmail.com,Maisey.Kellby@gmail.com,doctor
615,Donnie,Llovera,Donnie.Llovera@yopmail.com,Donnie.Llovera@gmail.com,developer
616,Shaine,Skurnik,Shaine.Skurnik@yopmail.com,Shaine.Skurnik@gmail.com,police officer
617,Lesly,Brady,Lesly.Brady@yopmail.com,Lesly.Brady@gmail.com,developer
618,Phedra,Kolnick,Phedra.Kolnick@yopmail.com,Phedra.Kolnick@gmail.com,firefighter
619,Sandie,Cristi,Sandie.Cristi@yopmail.com,Sandie.Cristi@gmail.com,firefighter
620,Yvonne,Aurelio,Yvonne.Aurelio@yopmail.com,Yvonne.Aurelio@gmail.com,worker
621,Ernesta,Olnee,Ernesta.Olnee@yopmail.com,Ernesta.Olnee@gmail.com,doctor
622,Siana,Sabella,Siana.Sabella@yopmail.com,Siana.Sabella@gmail.com,developer
623,Kary,Dielu,Kary.Dielu@yopmail.com,Kary.Dielu@gmail.com,developer
624,Linzy,Rodmann,Linzy.Rodmann@yopmail.com,Linzy.Rodmann@gmail.com,worker
625,Maisey,Annice,Maisey.Annice@yopmail.com,Maisey.Annice@gmail.com,doctor
626,Brandise,Kevon,Brandise.Kevon@yopmail.com,Brandise.Kevon@gmail.com,worker
627,Shel,Lalitta,Shel.Lalitta@yopmail.com,Shel.Lalitta@gmail.com,police officer
628,Valera,Alva,Valera.Alva@yopmail.com,Valera.Alva@gmail.com,doctor
629,Selia,Brieta,Selia.Brieta@yopmail.com,Selia.Brieta@gmail.com,developer
630,Alisha,Margarete,Alisha.Margarete@yopmail.com,Alisha.Margarete@gmail.com,doctor
631,Charmaine,Cherianne,Charmaine.Cherianne@yopmail.com,Charmaine.Cherianne@gmail.com,worker
632,Bill,Levey,Bill.Levey@yopmail.com,Bill.Levey@gmail.com,firefighter
633,Marti,Hillel,Marti.Hillel@yopmail.com,Marti.Hillel@gmail.com,developer
634,Ericka,McCutcheon,Ericka.McCutcheon@yopmail.com,Ericka.McCutcheon@gmail.com,police officer
635,Jenda,Kirstin,Jenda.Kirstin@yopmail.com,Jenda.Kirstin@gmail.com,doctor
636,Cordi,Jillane,Cordi.Jillane@yopmail.com,Cordi.Jillane@gmail.com,police officer
637,Maridel,Ivens,Maridel.Ivens@yopmail.com,Maridel.Ivens@gmail.com,worker
638,Dotty,Diann,Dotty.Diann@yopmail.com,Dotty.Diann@gmail.com,police officer
639,Fernande,Lane,Fernande.Lane@yopmail.com,Fernande.Lane@gmail.com,police officer
640,Lusa,Wooster,Lusa.Wooster@yopmail.com,Lusa.Wooster@gmail.com,doctor
641,Elie,Bollay,Elie.Bollay@yopmail.com,Elie.Bollay@gmail.com,firefighter
642,Brietta,Cloris,Brietta.Cloris@yopmail.com,Brietta.Cloris@gmail.com,worker
643,Candi,Donell,Candi.Donell@yopmail.com,Candi.Donell@gmail.com,doctor
644,Bernie,Obed,Bernie.Obed@yopmail.com,Bernie.Obed@gmail.com,police officer
645,Nessie,Torray,Nessie.Torray@yopmail.com,Nessie.Torray@gmail.com,police officer
646,Robinia,Elo,Robinia.Elo@yopmail.com,Robinia.Elo@gmail.com,doctor
647,Layla,Zeeba,Layla.Zeeba@yopmail.com,Layla.Zeeba@gmail.com,developer
648,Jany,Candy,Jany.Candy@yopmail.com,Jany.Candy@gmail.com,developer
649,Almeta,Pulsifer,Almeta.Pulsifer@yopmail.com,Almeta.Pulsifer@gmail.com,developer
650,Edith,Berard,Edith.Berard@yopmail.com,Edith.Berard@gmail.com,worker
651,Phedra,Syd,Phedra.Syd@yopmail.com,Phedra.Syd@gmail.com,firefighter
652,Henriette,Telfer,Henriette.Telfer@yopmail.com,Henriette.Telfer@gmail.com,police officer
653,Jacenta,Nadia,Jacenta.Nadia@yopmail.com,Jacenta.Nadia@gmail.com,police officer
654,Basia,Heidt,Basia.Heidt@yopmail.com,Basia.Heidt@gmail.com,doctor
655,Jennica,Bonilla,Jennica.Bonilla@yopmail.com,Jennica.Bonilla@gmail.com,police officer
656,Jennica,Bryna,Jennica.Bryna@yopmail.com,Jennica.Bryna@gmail.com,worker
657,Mureil,Joseph,Mureil.Joseph@yopmail.com,Mureil.Joseph@gmail.com,developer
658,Georgina,Anestassia,Georgina.Anestassia@yopmail.com,Georgina.Anestassia@gmail.com,doctor
659,Correy,Bryna,Correy.Bryna@yopmail.com,Correy.Bryna@gmail.com,firefighter
660,Abbie,Goth,Abbie.Goth@yopmail.com,Abbie.Goth@gmail.com,firefighter
661,Minda,Joeann,Minda.Joeann@yopmail.com,Minda.Joeann@gmail.com,doctor
662,Ulrike,Hieronymus,Ulrike.Hieronymus@yopmail.com,Ulrike.Hieronymus@gmail.com,worker
663,Thalia,Andrel,Thalia.Andrel@yopmail.com,Thalia.Andrel@gmail.com,developer
664,Rosanne,Kellby,Rosanne.Kellby@yopmail.com,Rosanne.Kellby@gmail.com,doctor
665,Karlee,Baptlsta,Karlee.Baptlsta@yopmail.com,Karlee.Baptlsta@gmail.com,police officer
666,Albertina,Nore,Albertina.Nore@yopmail.com,Albertina.Nore@gmail.com,firefighter
667,Hettie,Jaylene,Hettie.Jaylene@yopmail.com,Hettie.Jaylene@gmail.com,doctor
668,Ketti,Stuart,Ketti.Stuart@yopmail.com,Ketti.Stuart@gmail.com,worker
669,Nerta,Joseph,Nerta.Joseph@yopmail.com,Nerta.Joseph@gmail.com,doctor
670,Susan,Leler,Susan.Leler@yopmail.com,Susan.Leler@gmail.com,worker
671,Jemie,August,Jemie.August@yopmail.com,Jemie.August@gmail.com,doctor
672,Jere,Lewes,Jere.Lewes@yopmail.com,Jere.Lewes@gmail.com,police officer
673,Vita,Pernick,Vita.Pernick@yopmail.com,Vita.Pernick@gmail.com,police officer
674,Nananne,Oster,Nananne.Oster@yopmail.com,Nananne.Oster@gmail.com,worker
675,Donnie,Lewes,Donnie.Lewes@yopmail.com,Donnie.Lewes@gmail.com,doctor
676,Hollie,Barney,Hollie.Barney@yopmail.com,Hollie.Barney@gmail.com,doctor
677,Jennica,Waite,Jennica.Waite@yopmail.com,Jennica.Waite@gmail.com,worker
678,Amara,Erminia,Amara.Erminia@yopmail.com,Amara.Erminia@gmail.com,firefighter
679,Dyann,Granoff,Dyann.Granoff@yopmail.com,Dyann.Granoff@gmail.com,police officer
680,Lizzie,Astra,Lizzie.Astra@yopmail.com,Lizzie.Astra@gmail.com,doctor
681,Mamie,Astra,Mamie.Astra@yopmail.com,Mamie.Astra@gmail.com,firefighter
682,Nelle,Chem,Nelle.Chem@yopmail.com,Nelle.Chem@gmail.com,developer
683,Audrie,Jotham,Audrie.Jotham@yopmail.com,Audrie.Jotham@gmail.com,doctor
684,Olivette,Ruvolo,Olivette.Ruvolo@yopmail.com,Olivette.Ruvolo@gmail.com,worker
685,Sheelagh,Cleo,Sheelagh.Cleo@yopmail.com,Sheelagh.Cleo@gmail.com,worker
686,Meg,Goerke,Meg.Goerke@yopmail.com,Meg.Goerke@gmail.com,firefighter
687,Maridel,Mata,Maridel.Mata@yopmail.com,Maridel.Mata@gmail.com,police officer
688,Carree,Donoghue,Carree.Donoghue@yopmail.com,Carree.Donoghue@gmail.com,firefighter
689,Lily,Nerita,Lily.Nerita@yopmail.com,Lily.Nerita@gmail.com,firefighter
690,Nariko,Reneta,Nariko.Reneta@yopmail.com,Nariko.Reneta@gmail.com,developer
691,Bernardine,Albertine,Bernardine.Albertine@yopmail.com,Bernardine.Albertine@gmail.com,doctor
692,Carolina,Othilia,Carolina.Othilia@yopmail.com,Carolina.Othilia@gmail.com,doctor
693,Dyann,Bartlett,Dyann.Bartlett@yopmail.com,Dyann.Bartlett@gmail.com,worker
694,Yvonne,Kellby,Yvonne.Kellby@yopmail.com,Yvonne.Kellby@gmail.com,doctor
695,Lenna,Lemuela,Lenna.Lemuela@yopmail.com,Lenna.Lemuela@gmail.com,developer
696,Delilah,Raul,Delilah.Raul@yopmail.com,Delilah.Raul@gmail.com,firefighter
697,Dawn,Ciro,Dawn.Ciro@yopmail.com,Dawn.Ciro@gmail.com,police officer
698,Valera,Trace,Valera.Trace@yopmail.com,Valera.Trace@gmail.com,police officer
699,Nita,Hessler,Nita.Hessler@yopmail.com,Nita.Hessler@gmail.com,worker
700,Merci,Dreda,Merci.Dreda@yopmail.com,Merci.Dreda@gmail.com,developer
701,Catharine,Casimir,Catharine.Casimir@yopmail.com,Catharine.Casimir@gmail.com,firefighter
702,Marita,Trace,Marita.Trace@yopmail.com,Marita.Trace@gmail.com,firefighter
703,Aaren,McGrody,Aaren.McGrody@yopmail.com,Aaren.McGrody@gmail.com,police officer
704,Zsa Zsa,Sisile,Zsa Zsa.Sisile@yopmail.com,Zsa Zsa.Sisile@gmail.com,firefighter
705,Averyl,Oriana,Averyl.Oriana@yopmail.com,Averyl.Oriana@gmail.com,firefighter
706,Hannis,Bevin,Hannis.Bevin@yopmail.com,Hannis.Bevin@gmail.com,doctor
707,Priscilla,Lewes,Priscilla.Lewes@yopmail.com,Priscilla.Lewes@gmail.com,developer
708,Charissa,Belldas,Charissa.Belldas@yopmail.com,Charissa.Belldas@gmail.com,police officer
709,Melodie,Lilybelle,Melodie.Lilybelle@yopmail.com,Melodie.Lilybelle@gmail.com,worker
710,Julieta,Orpah,Julieta.Orpah@yopmail.com,Julieta.Orpah@gmail.com,worker
711,Cordi,Whittaker,Cordi.Whittaker@yopmail.com,Cordi.Whittaker@gmail.com,developer
712,Sidoney,Percy,Sidoney.Percy@yopmail.com,Sidoney.Percy@gmail.com,doctor
713,Shaylyn,Mintz,Shaylyn.Mintz@yopmail.com,Shaylyn.Mintz@gmail.com,police officer
714,Pollyanna,Diogenes,Pollyanna.Diogenes@yopmail.com,Pollyanna.Diogenes@gmail.com,worker
715,Quintina,Gaulin,Quintina.Gaulin@yopmail.com,Quintina.Gaulin@gmail.com,firefighter
716,Libbie,Lutero,Libbie.Lutero@yopmail.com,Libbie.Lutero@gmail.com,worker
717,Nita,Bultman,Nita.Bultman@yopmail.com,Nita.Bultman@gmail.com,worker
718,Justinn,Engdahl,Justinn.Engdahl@yopmail.com,Justinn.Engdahl@gmail.com,doctor
719,Devina,Ahab,Devina.Ahab@yopmail.com,Devina.Ahab@gmail.com,developer
720,Morganica,Paine,Morganica.Paine@yopmail.com,Morganica.Paine@gmail.com,doctor
721,Allis,Lacombe,Allis.Lacombe@yopmail.com,Allis.Lacombe@gmail.com,police officer
722,Shauna,Nea,Shauna.Nea@yopmail.com,Shauna.Nea@gmail.com,worker
723,Joceline,Fiann,Joceline.Fiann@yopmail.com,Joceline.Fiann@gmail.com,police officer
724,Philis,Pond,Philis.Pond@yopmail.com,Philis.Pond@gmail.com,worker
725,Rori,Egbert,Rori.Egbert@yopmail.com,Rori.Egbert@gmail.com,doctor
726,Di,Rustice,Di.Rustice@yopmail.com,Di.Rustice@gmail.com,developer
727,Tami,Kesley,Tami.Kesley@yopmail.com,Tami.Kesley@gmail.com,developer
728,Heddie,Honoria,Heddie.Honoria@yopmail.com,Heddie.Honoria@gmail.com,police officer
729,Claresta,Cornelia,Claresta.Cornelia@yopmail.com,Claresta.Cornelia@gmail.com,firefighter
730,Korrie,Clarissa,Korrie.Clarissa@yopmail.com,Korrie.Clarissa@gmail.com,firefighter
731,Rebeca,Sadowski,Rebeca.Sadowski@yopmail.com,Rebeca.Sadowski@gmail.com,police officer
732,Mara,Quinn,Mara.Quinn@yopmail.com,Mara.Quinn@gmail.com,worker
733,Yetty,Jena,Yetty.Jena@yopmail.com,Yetty.Jena@gmail.com,developer
734,Ruthe,Skurnik,Ruthe.Skurnik@yopmail.com,Ruthe.Skurnik@gmail.com,firefighter
735,Ebonee,Yam,Ebonee.Yam@yopmail.com,Ebonee.Yam@gmail.com,worker
736,Danika,Halsey,Danika.Halsey@yopmail.com,Danika.Halsey@gmail.com,doctor
737,Atlanta,Lemuela,Atlanta.Lemuela@yopmail.com,Atlanta.Lemuela@gmail.com,firefighter
738,Sallie,Tyson,Sallie.Tyson@yopmail.com,Sallie.Tyson@gmail.com,firefighter
739,Josephine,Narton,Josephine.Narton@yopmail.com,Josephine.Narton@gmail.com,firefighter
740,Dorothy,Bord,Dorothy.Bord@yopmail.com,Dorothy.Bord@gmail.com,worker
741,Randa,Bryna,Randa.Bryna@yopmail.com,Randa.Bryna@gmail.com,worker
742,Ofilia,Shanley,Ofilia.Shanley@yopmail.com,Ofilia.Shanley@gmail.com,developer
743,Daryl,Abbot,Daryl.Abbot@yopmail.com,Daryl.Abbot@gmail.com,firefighter
744,Heddie,Ferino,Heddie.Ferino@yopmail.com,Heddie.Ferino@gmail.com,firefighter
745,Shell,Hutchison,Shell.Hutchison@yopmail.com,Shell.Hutchison@gmail.com,worker
746,Vivia,Katrine,Vivia.Katrine@yopmail.com,Vivia.Katrine@gmail.com,doctor
747,Janey,Bronk,Janey.Bronk@yopmail.com,Janey.Bronk@gmail.com,developer
748,Ana,Paton,Ana.Paton@yopmail.com,Ana.Paton@gmail.com,police officer
749,Pearline,Chaing,Pearline.Chaing@yopmail.com,Pearline.Chaing@gmail.com,doctor
750,Barbara,Donoghue,Barbara.Donoghue@yopmail.com,Barbara.Donoghue@gmail.com,developer
751,Cordi,Anis,Cordi.Anis@yopmail.com,Cordi.Anis@gmail.com,doctor
752,Ernesta,Bury,Ernesta.Bury@yopmail.com,Ernesta.Bury@gmail.com,doctor
753,Hermione,Pattin,Hermione.Pattin@yopmail.com,Hermione.Pattin@gmail.com,worker
754,Shell,Zola,Shell.Zola@yopmail.com,Shell.Zola@gmail.com,doctor
755,Briney,Koehler,Briney.Koehler@yopmail.com,Briney.Koehler@gmail.com,developer
756,Jessy,Dorothy,Jessy.Dorothy@yopmail.com,Jessy.Dorothy@gmail.com,police officer
757,Rivalee,Jorgan,Rivalee.Jorgan@yopmail.com,Rivalee.Jorgan@gmail.com,worker
758,Queenie,Connelly,Queenie.Connelly@yopmail.com,Queenie.Connelly@gmail.com,doctor
759,Brietta,Kiyoshi,Brietta.Kiyoshi@yopmail.com,Brietta.Kiyoshi@gmail.com,police officer
760,Shel,Kunin,Shel.Kunin@yopmail.com,Shel.Kunin@gmail.com,worker
761,Flory,Kolnick,Flory.Kolnick@yopmail.com,Flory.Kolnick@gmail.com,police officer
762,Starla,Oneida,Starla.Oneida@yopmail.com,Starla.Oneida@gmail.com,police officer
763,Paulita,Leler,Paulita.Leler@yopmail.com,Paulita.Leler@gmail.com,developer
764,Edith,Niles,Edith.Niles@yopmail.com,Edith.Niles@gmail.com,developer
765,Shel,Pozzy,Shel.Pozzy@yopmail.com,Shel.Pozzy@gmail.com,developer
766,Lindie,Zola,Lindie.Zola@yopmail.com,Lindie.Zola@gmail.com,firefighter
767,Selma,Thornburg,Selma.Thornburg@yopmail.com,Selma.Thornburg@gmail.com,doctor
768,Livvyy,Karl,Livvyy.Karl@yopmail.com,Livvyy.Karl@gmail.com,worker
769,Bobinette,Weaks,Bobinette.Weaks@yopmail.com,Bobinette.Weaks@gmail.com,doctor
770,Rivalee,Fax,Rivalee.Fax@yopmail.com,Rivalee.Fax@gmail.com,developer
771,Agathe,Afton,Agathe.Afton@yopmail.com,Agathe.Afton@gmail.com,worker
772,Maryellen,Oster,Maryellen.Oster@yopmail.com,Maryellen.Oster@gmail.com,developer
773,Louella,Ochs,Louella.Ochs@yopmail.com,Louella.Ochs@gmail.com,worker
774,Carlie,Grosz,Carlie.Grosz@yopmail.com,Carlie.Grosz@gmail.com,doctor
775,Lexine,Rudolph,Lexine.Rudolph@yopmail.com,Lexine.Rudolph@gmail.com,developer
776,Allis,Elbertina,Allis.Elbertina@yopmail.com,Allis.Elbertina@gmail.com,doctor
777,Helsa,Screens,Helsa.Screens@yopmail.com,Helsa.Screens@gmail.com,doctor
778,Laurene,Stoller,Laurene.Stoller@yopmail.com,Laurene.Stoller@gmail.com,developer
779,Selia,Colyer,Selia.Colyer@yopmail.com,Selia.Colyer@gmail.com,developer
780,Yvonne,Fredi,Yvonne.Fredi@yopmail.com,Yvonne.Fredi@gmail.com,doctor
781,Minda,Rozanna,Minda.Rozanna@yopmail.com,Minda.Rozanna@gmail.com,developer
782,Caryl,Stevy,Caryl.Stevy@yopmail.com,Caryl.Stevy@gmail.com,police officer
783,Ursulina,Ursulette,Ursulina.Ursulette@yopmail.com,Ursulina.Ursulette@gmail.com,police officer
784,Ayn,Alcott,Ayn.Alcott@yopmail.com,Ayn.Alcott@gmail.com,police officer
785,Edith,Thornburg,Edith.Thornburg@yopmail.com,Edith.Thornburg@gmail.com,doctor
786,Merle,Erminia,Merle.Erminia@yopmail.com,Merle.Erminia@gmail.com,police officer
787,Jemie,Millda,Jemie.Millda@yopmail.com,Jemie.Millda@gmail.com,doctor
788,Ida,Daniele,Ida.Daniele@yopmail.com,Ida.Daniele@gmail.com,developer
789,Audrie,Albertine,Audrie.Albertine@yopmail.com,Audrie.Albertine@gmail.com,firefighter
790,Emma,Simmonds,Emma.Simmonds@yopmail.com,Emma.Simmonds@gmail.com,firefighter
791,Brianna,Havens,Brianna.Havens@yopmail.com,Brianna.Havens@gmail.com,police officer
792,Pierette,Iaverne,Pierette.Iaverne@yopmail.com,Pierette.Iaverne@gmail.com,worker
793,Livvyy,Esmaria,Livvyy.Esmaria@yopmail.com,Livvyy.Esmaria@gmail.com,doctor
794,Florie,Rolf,Florie.Rolf@yopmail.com,Florie.Rolf@gmail.com,developer
795,Calla,Fairweather,Calla.Fairweather@yopmail.com,Calla.Fairweather@gmail.com,developer
796,Hallie,Bethany,Hallie.Bethany@yopmail.com,Hallie.Bethany@gmail.com,police officer
797,Daphne,Fancie,Daphne.Fancie@yopmail.com,Daphne.Fancie@gmail.com,doctor
798,Ingrid,Natica,Ingrid.Natica@yopmail.com,Ingrid.Natica@gmail.com,police officer
799,Christy,Greenwald,Christy.Greenwald@yopmail.com,Christy.Greenwald@gmail.com,doctor
800,Jolyn,Rese,Jolyn.Rese@yopmail.com,Jolyn.Rese@gmail.com,firefighter
801,Lynde,Cherianne,Lynde.Cherianne@yopmail.com,Lynde.Cherianne@gmail.com,developer
802,Miquela,Flita,Miquela.Flita@yopmail.com,Miquela.Flita@gmail.com,developer
803,Lauryn,Sherrie,Lauryn.Sherrie@yopmail.com,Lauryn.Sherrie@gmail.com,firefighter
804,Regina,Baudin,Regina.Baudin@yopmail.com,Regina.Baudin@gmail.com,worker
805,Helena,Hourigan,Helena.Hourigan@yopmail.com,Helena.Hourigan@gmail.com,firefighter
806,Emmey,Minetta,Emmey.Minetta@yopmail.com,Emmey.Minetta@gmail.com,doctor
807,Carmencita,Uund,Carmencita.Uund@yopmail.com,Carmencita.Uund@gmail.com,doctor
808,Tonia,Marsden,Tonia.Marsden@yopmail.com,Tonia.Marsden@gmail.com,police officer
809,Donnie,Sawtelle,Donnie.Sawtelle@yopmail.com,Donnie.Sawtelle@gmail.com,firefighter
810,Courtnay,McGrody,Courtnay.McGrody@yopmail.com,Courtnay.McGrody@gmail.com,police officer
811,Ardenia,Sothena,Ardenia.Sothena@yopmail.com,Ardenia.Sothena@gmail.com,police officer
812,Lelah,Behre,Lelah.Behre@yopmail.com,Lelah.Behre@gmail.com,police officer
813,Joleen,Loeb,Joleen.Loeb@yopmail.com,Joleen.Loeb@gmail.com,worker
814,Merry,Loeb,Merry.Loeb@yopmail.com,Merry.Loeb@gmail.com,worker
815,Althea,LaRue,Althea.LaRue@yopmail.com,Althea.LaRue@gmail.com,police officer
816,Jaclyn,Chem,Jaclyn.Chem@yopmail.com,Jaclyn.Chem@gmail.com,worker
817,Juliane,Anselmi,Juliane.Anselmi@yopmail.com,Juliane.Anselmi@gmail.com,developer
818,Phylis,Lamoree,Phylis.Lamoree@yopmail.com,Phylis.Lamoree@gmail.com,developer
819,Wileen,Peonir,Wileen.Peonir@yopmail.com,Wileen.Peonir@gmail.com,developer
820,Odessa,Anyah,Odessa.Anyah@yopmail.com,Odessa.Anyah@gmail.com,developer
821,Candy,Munn,Candy.Munn@yopmail.com,Candy.Munn@gmail.com,developer
822,Noelle,Saunderson,Noelle.Saunderson@yopmail.com,Noelle.Saunderson@gmail.com,developer
823,Sharlene,Taima,Sharlene.Taima@yopmail.com,Sharlene.Taima@gmail.com,worker
824,Roberta,Tengdin,Roberta.Tengdin@yopmail.com,Roberta.Tengdin@gmail.com,firefighter
825,Myriam,Jehu,Myriam.Jehu@yopmail.com,Myriam.Jehu@gmail.com,police officer
826,Donnie,Tarrant,Donnie.Tarrant@yopmail.com,Donnie.Tarrant@gmail.com,doctor
827,Michaelina,Pond,Michaelina.Pond@yopmail.com,Michaelina.Pond@gmail.com,worker
828,Ekaterina,Anselmi,Ekaterina.Anselmi@yopmail.com,Ekaterina.Anselmi@gmail.com,developer
829,Glynnis,Remmer,Glynnis.Remmer@yopmail.com,Glynnis.Remmer@gmail.com,developer
830,Jacenta,Celestine,Jacenta.Celestine@yopmail.com,Jacenta.Celestine@gmail.com,worker
831,Claudina,Moina,Claudina.Moina@yopmail.com,Claudina.Moina@gmail.com,worker
832,Ronna,Kesley,Ronna.Kesley@yopmail.com,Ronna.Kesley@gmail.com,developer
833,Fayre,Orlene,Fayre.Orlene@yopmail.com,Fayre.Orlene@gmail.com,worker
834,Moyna,Burch,Moyna.Burch@yopmail.com,Moyna.Burch@gmail.com,worker
835,Caressa,Arathorn,Caressa.Arathorn@yopmail.com,Caressa.Arathorn@gmail.com,firefighter
836,Mignon,Kermit,Mignon.Kermit@yopmail.com,Mignon.Kermit@gmail.com,developer
837,Melisent,Cutlerr,Melisent.Cutlerr@yopmail.com,Melisent.Cutlerr@gmail.com,police officer
838,Suzette,Simmonds,Suzette.Simmonds@yopmail.com,Suzette.Simmonds@gmail.com,developer
839,Flo,Sawtelle,Flo.Sawtelle@yopmail.com,Flo.Sawtelle@gmail.com,worker
840,Kassey,Doig,Kassey.Doig@yopmail.com,Kassey.Doig@gmail.com,developer
841,Goldie,Raimondo,Goldie.Raimondo@yopmail.com,Goldie.Raimondo@gmail.com,doctor
842,Jessy,Evangelia,Jessy.Evangelia@yopmail.com,Jessy.Evangelia@gmail.com,worker
843,Jeanna,Marden,Jeanna.Marden@yopmail.com,Jeanna.Marden@gmail.com,worker
844,Tressa,Fabiola,Tressa.Fabiola@yopmail.com,Tressa.Fabiola@gmail.com,firefighter
845,Mara,Podvin,Mara.Podvin@yopmail.com,Mara.Podvin@gmail.com,developer
846,Cherilyn,Remmer,Cherilyn.Remmer@yopmail.com,Cherilyn.Remmer@gmail.com,developer
847,Kayla,Phaidra,Kayla.Phaidra@yopmail.com,Kayla.Phaidra@gmail.com,worker
848,Tera,Hoban,Tera.Hoban@yopmail.com,Tera.Hoban@gmail.com,doctor
849,Marti,Hillel,Marti.Hillel@yopmail.com,Marti.Hillel@gmail.com,firefighter
850,Shel,Alcott,Shel.Alcott@yopmail.com,Shel.Alcott@gmail.com,worker
851,Glynnis,Granoff,Glynnis.Granoff@yopmail.com,Glynnis.Granoff@gmail.com,worker
852,Coral,Jalbert,Coral.Jalbert@yopmail.com,Coral.Jalbert@gmail.com,firefighter
853,Andree,Kendrick,Andree.Kendrick@yopmail.com,Andree.Kendrick@gmail.com,police officer
854,Morganica,Braun,Morganica.Braun@yopmail.com,Morganica.Braun@gmail.com,doctor
855,Brena,Weinreb,Brena.Weinreb@yopmail.com,Brena.Weinreb@gmail.com,police officer
856,Elise,Cutlerr,Elise.Cutlerr@yopmail.com,Elise.Cutlerr@gmail.com,doctor
857,Cissiee,Rona,Cissiee.Rona@yopmail.com,Cissiee.Rona@gmail.com,worker
858,Xylina,Dreda,Xylina.Dreda@yopmail.com,Xylina.Dreda@gmail.com,developer
859,Lynde,Ludewig,Lynde.Ludewig@yopmail.com,Lynde.Ludewig@gmail.com,doctor
860,Carolina,Bronk,Carolina.Bronk@yopmail.com,Carolina.Bronk@gmail.com,doctor
861,Amara,Means,Amara.Means@yopmail.com,Amara.Means@gmail.com,doctor
862,Livvyy,Ventre,Livvyy.Ventre@yopmail.com,Livvyy.Ventre@gmail.com,developer
863,Lorie,Rosalba,Lorie.Rosalba@yopmail.com,Lorie.Rosalba@gmail.com,police officer
864,Danika,Talia,Danika.Talia@yopmail.com,Danika.Talia@gmail.com,firefighter
865,Kore,Alice,Kore.Alice@yopmail.com,Kore.Alice@gmail.com,police officer
866,Modestia,Kolnick,Modestia.Kolnick@yopmail.com,Modestia.Kolnick@gmail.com,firefighter
867,Janeczka,Si,Janeczka.Si@yopmail.com,Janeczka.Si@gmail.com,police officer
868,Lily,Desai,Lily.Desai@yopmail.com,Lily.Desai@gmail.com,firefighter
869,Winifred,Ochs,Winifred.Ochs@yopmail.com,Winifred.Ochs@gmail.com,developer
870,Marnia,Monaco,Marnia.Monaco@yopmail.com,Marnia.Monaco@gmail.com,firefighter
871,Bobbi,Cleavland,Bobbi.Cleavland@yopmail.com,Bobbi.Cleavland@gmail.com,police officer
872,Demetris,Burnside,Demetris.Burnside@yopmail.com,Demetris.Burnside@gmail.com,police officer
873,Leia,Rustice,Leia.Rustice@yopmail.com,Leia.Rustice@gmail.com,police officer
874,Jaime,Bronk,Jaime.Bronk@yopmail.com,Jaime.Bronk@gmail.com,doctor
875,Desirae,Hathaway,Desirae.Hathaway@yopmail.com,Desirae.Hathaway@gmail.com,worker
876,Justinn,Hieronymus,Justinn.Hieronymus@yopmail.com,Justinn.Hieronymus@gmail.com,developer
877,Ellette,Muriel,Ellette.Muriel@yopmail.com,Ellette.Muriel@gmail.com,police officer
878,Brena,Diann,Brena.Diann@yopmail.com,Brena.Diann@gmail.com,police officer
879,Leeanne,Standing,Leeanne.Standing@yopmail.com,Leeanne.Standing@gmail.com,developer
880,Joceline,Cyrie,Joceline.Cyrie@yopmail.com,Joceline.Cyrie@gmail.com,police officer
881,Netty,Standing,Netty.Standing@yopmail.com,Netty.Standing@gmail.com,police officer
882,Lila,Rugen,Lila.Rugen@yopmail.com,Lila.Rugen@gmail.com,police officer
883,Taffy,Kermit,Taffy.Kermit@yopmail.com,Taffy.Kermit@gmail.com,firefighter
884,Bobinette,Pernick,Bobinette.Pernick@yopmail.com,Bobinette.Pernick@gmail.com,firefighter
885,Gerianna,Sprage,Gerianna.Sprage@yopmail.com,Gerianna.Sprage@gmail.com,developer
886,Barbara,Bivins,Barbara.Bivins@yopmail.com,Barbara.Bivins@gmail.com,firefighter
887,Celestyna,Land,Celestyna.Land@yopmail.com,Celestyna.Land@gmail.com,firefighter
888,Gabi,Harned,Gabi.Harned@yopmail.com,Gabi.Harned@gmail.com,worker
889,Gabi,Selway,Gabi.Selway@yopmail.com,Gabi.Selway@gmail.com,police officer
890,Layla,Westphal,Layla.Westphal@yopmail.com,Layla.Westphal@gmail.com,developer
891,Feliza,Armanda,Feliza.Armanda@yopmail.com,Feliza.Armanda@gmail.com,worker
892,Margalo,Rebecka,Margalo.Rebecka@yopmail.com,Margalo.Rebecka@gmail.com,developer
893,Hettie,Lorain,Hettie.Lorain@yopmail.com,Hettie.Lorain@gmail.com,worker
894,Barbi,Mendez,Barbi.Mendez@yopmail.com,Barbi.Mendez@gmail.com,doctor
895,Sandie,Kat,Sandie.Kat@yopmail.com,Sandie.Kat@gmail.com,developer
896,Shandie,Tremayne,Shandie.Tremayne@yopmail.com,Shandie.Tremayne@gmail.com,worker
897,Rosanne,Linskey,Rosanne.Linskey@yopmail.com,Rosanne.Linskey@gmail.com,firefighter
898,Linzy,Boycey,Linzy.Boycey@yopmail.com,Linzy.Boycey@gmail.com,police officer
899,Tiffie,Hertzfeld,Tiffie.Hertzfeld@yopmail.com,Tiffie.Hertzfeld@gmail.com,worker
900,Betta,Glenden,Betta.Glenden@yopmail.com,Betta.Glenden@gmail.com,doctor
901,Alie,Brotherson,Alie.Brotherson@yopmail.com,Alie.Brotherson@gmail.com,police officer
902,Dagmar,Bethany,Dagmar.Bethany@yopmail.com,Dagmar.Bethany@gmail.com,firefighter
903,Alyssa,Ophelia,Alyssa.Ophelia@yopmail.com,Alyssa.Ophelia@gmail.com,doctor
904,Ofilia,Pacorro,Ofilia.Pacorro@yopmail.com,Ofilia.Pacorro@gmail.com,firefighter
905,Willetta,Dash,Willetta.Dash@yopmail.com,Willetta.Dash@gmail.com,doctor
906,Evita,Florina,Evita.Florina@yopmail.com,Evita.Florina@gmail.com,developer
907,Clo,Macey,Clo.Macey@yopmail.com,Clo.Macey@gmail.com,firefighter
908,Carol-Jean,Brady,Carol-Jean.Brady@yopmail.com,Carol-Jean.Brady@gmail.com,police officer
909,Josephine,Rurik,Josephine.Rurik@yopmail.com,Josephine.Rurik@gmail.com,doctor
910,Libbie,Nicoline,Libbie.Nicoline@yopmail.com,Libbie.Nicoline@gmail.com,police officer
911,Mara,Earlie,Mara.Earlie@yopmail.com,Mara.Earlie@gmail.com,firefighter
912,Libbie,Hurley,Libbie.Hurley@yopmail.com,Libbie.Hurley@gmail.com,developer
913,Misha,Lail,Misha.Lail@yopmail.com,Misha.Lail@gmail.com,doctor
914,Clarice,Myrilla,Clarice.Myrilla@yopmail.com,Clarice.Myrilla@gmail.com,developer
915,Leona,Niccolo,Leona.Niccolo@yopmail.com,Leona.Niccolo@gmail.com,firefighter
916,Chandra,Milde,Chandra.Milde@yopmail.com,Chandra.Milde@gmail.com,developer
917,Merle,Ajay,Merle.Ajay@yopmail.com,Merle.Ajay@gmail.com,firefighter
918,Stephanie,Nea,Stephanie.Nea@yopmail.com,Stephanie.Nea@gmail.com,doctor
919,Nita,Merna,Nita.Merna@yopmail.com,Nita.Merna@gmail.com,doctor
920,Meghann,Malanie,Meghann.Malanie@yopmail.com,Meghann.Malanie@gmail.com,doctor
921,Cindelyn,Cordi,Cindelyn.Cordi@yopmail.com,Cindelyn.Cordi@gmail.com,developer
922,Christal,Robertson,Christal.Robertson@yopmail.com,Christal.Robertson@gmail.com,developer
923,Fredericka,Jacinda,Fredericka.Jacinda@yopmail.com,Fredericka.Jacinda@gmail.com,police officer
924,Diena,Adore,Diena.Adore@yopmail.com,Diena.Adore@gmail.com,worker
925,Adelle,Jarib,Adelle.Jarib@yopmail.com,Adelle.Jarib@gmail.com,doctor
926,Jan,Trace,Jan.Trace@yopmail.com,Jan.Trace@gmail.com,police officer
927,Jennica,Lorain,Jennica.Lorain@yopmail.com,Jennica.Lorain@gmail.com,doctor
928,Maurene,Nance,Maurene.Nance@yopmail.com,Maurene.Nance@gmail.com,doctor
929,Monika,Gusella,Monika.Gusella@yopmail.com,Monika.Gusella@gmail.com,worker
930,Nikki,Adore,Nikki.Adore@yopmail.com,Nikki.Adore@gmail.com,police officer
931,Netty,Ulphia,Netty.Ulphia@yopmail.com,Netty.Ulphia@gmail.com,police officer
932,Alexine,Beebe,Alexine.Beebe@yopmail.com,Alexine.Beebe@gmail.com,developer
933,Ardys,Yerkovich,Ardys.Yerkovich@yopmail.com,Ardys.Yerkovich@gmail.com,police officer
934,Cecile,Virgin,Cecile.Virgin@yopmail.com,Cecile.Virgin@gmail.com,firefighter
935,Hallie,Orelee,Hallie.Orelee@yopmail.com,Hallie.Orelee@gmail.com,firefighter
936,Kristan,Giule,Kristan.Giule@yopmail.com,Kristan.Giule@gmail.com,firefighter
937,Lynea,Stover,Lynea.Stover@yopmail.com,Lynea.Stover@gmail.com,doctor
938,Tina,McGrody,Tina.McGrody@yopmail.com,Tina.McGrody@gmail.com,developer
939,Augustine,Pip,Augustine.Pip@yopmail.com,Augustine.Pip@gmail.com,worker
940,Gusella,Read,Gusella.Read@yopmail.com,Gusella.Read@gmail.com,worker
941,Hermione,Yerkovich,Hermione.Yerkovich@yopmail.com,Hermione.Yerkovich@gmail.com,developer
942,Lucille,Harriman,Lucille.Harriman@yopmail.com,Lucille.Harriman@gmail.com,police officer
943,Gwenneth,Keily,Gwenneth.Keily@yopmail.com,Gwenneth.Keily@gmail.com,worker
944,Celene,Lory,Celene.Lory@yopmail.com,Celene.Lory@gmail.com,police officer
945,Kate,Kenwood,Kate.Kenwood@yopmail.com,Kate.Kenwood@gmail.com,doctor
946,Ivett,Blisse,Ivett.Blisse@yopmail.com,Ivett.Blisse@gmail.com,doctor
947,Flo,Gert,Flo.Gert@yopmail.com,Flo.Gert@gmail.com,developer
948,Leanna,Palocz,Leanna.Palocz@yopmail.com,Leanna.Palocz@gmail.com,police officer
949,Tamqrah,Allare,Tamqrah.Allare@yopmail.com,Tamqrah.Allare@gmail.com,police officer
950,Dotty,Goode,Dotty.Goode@yopmail.com,Dotty.Goode@gmail.com,police officer
951,Sue,Lanita,Sue.Lanita@yopmail.com,Sue.Lanita@gmail.com,police officer
952,Quintina,Henebry,Quintina.Henebry@yopmail.com,Quintina.Henebry@gmail.com,developer
953,Robbi,Macey,Robbi.Macey@yopmail.com,Robbi.Macey@gmail.com,firefighter
954,Claresta,Modie,Claresta.Modie@yopmail.com,Claresta.Modie@gmail.com,worker
955,Brietta,Brunell,Brietta.Brunell@yopmail.com,Brietta.Brunell@gmail.com,police officer
956,Zondra,Yuille,Zondra.Yuille@yopmail.com,Zondra.Yuille@gmail.com,firefighter
957,Vinita,Grobe,Vinita.Grobe@yopmail.com,Vinita.Grobe@gmail.com,developer
958,Evita,Lattie,Evita.Lattie@yopmail.com,Evita.Lattie@gmail.com,developer
959,Jinny,Maiah,Jinny.Maiah@yopmail.com,Jinny.Maiah@gmail.com,doctor
960,Ezmeralda,Vivle,Ezmeralda.Vivle@yopmail.com,Ezmeralda.Vivle@gmail.com,worker
961,Di,Dorcy,Di.Dorcy@yopmail.com,Di.Dorcy@gmail.com,police officer
962,Elsie,Thomasina,Elsie.Thomasina@yopmail.com,Elsie.Thomasina@gmail.com,developer
963,Bertine,Monk,Bertine.Monk@yopmail.com,Bertine.Monk@gmail.com,developer
964,Elmira,Francyne,Elmira.Francyne@yopmail.com,Elmira.Francyne@gmail.com,worker
965,Edyth,Velick,Edyth.Velick@yopmail.com,Edyth.Velick@gmail.com,police officer
966,Kristina,Anastatius,Kristina.Anastatius@yopmail.com,Kristina.Anastatius@gmail.com,worker
967,Goldie,Hylan,Goldie.Hylan@yopmail.com,Goldie.Hylan@gmail.com,doctor
968,Nikki,Scammon,Nikki.Scammon@yopmail.com,Nikki.Scammon@gmail.com,developer
969,Lanae,Darbie,Lanae.Darbie@yopmail.com,Lanae.Darbie@gmail.com,police officer
970,Perry,Chabot,Perry.Chabot@yopmail.com,Perry.Chabot@gmail.com,firefighter
971,Deloria,Blisse,Deloria.Blisse@yopmail.com,Deloria.Blisse@gmail.com,worker
972,Kimberley,O'Carroll,Kimberley.O'Carroll@yopmail.com,Kimberley.O'Carroll@gmail.com,developer
973,Charissa,Narton,Charissa.Narton@yopmail.com,Charissa.Narton@gmail.com,police officer
974,Kellen,Emmaline,Kellen.Emmaline@yopmail.com,Kellen.Emmaline@gmail.com,police officer
975,Jolyn,Loeb,Jolyn.Loeb@yopmail.com,Jolyn.Loeb@gmail.com,doctor
976,Ermengarde,Erminia,Ermengarde.Erminia@yopmail.com,Ermengarde.Erminia@gmail.com,worker
977,Jillayne,Nea,Jillayne.Nea@yopmail.com,Jillayne.Nea@gmail.com,worker
978,Tarra,Prouty,Tarra.Prouty@yopmail.com,Tarra.Prouty@gmail.com,developer
979,Evaleen,Girardo,Evaleen.Girardo@yopmail.com,Evaleen.Girardo@gmail.com,doctor
980,Monika,Paton,Monika.Paton@yopmail.com,Monika.Paton@gmail.com,worker
981,Beatriz,Odell,Beatriz.Odell@yopmail.com,Beatriz.Odell@gmail.com,firefighter
982,Kalina,Ricarda,Kalina.Ricarda@yopmail.com,Kalina.Ricarda@gmail.com,doctor
983,Kathy,Lytton,Kathy.Lytton@yopmail.com,Kathy.Lytton@gmail.com,developer
984,Teddie,Decato,Teddie.Decato@yopmail.com,Teddie.Decato@gmail.com,worker
985,Mildrid,Masao,Mildrid.Masao@yopmail.com,Mildrid.Masao@gmail.com,firefighter
986,Gale,Schenck,Gale.Schenck@yopmail.com,Gale.Schenck@gmail.com,developer
987,Tybie,Johanna,Tybie.Johanna@yopmail.com,Tybie.Johanna@gmail.com,police officer
988,Bee,Zrike,Bee.Zrike@yopmail.com,Bee.Zrike@gmail.com,worker
989,Chloris,Holbrook,Chloris.Holbrook@yopmail.com,Chloris.Holbrook@gmail.com,police officer
990,Nerta,Callista,Nerta.Callista@yopmail.com,Nerta.Callista@gmail.com,doctor
991,Clarice,Wyn,Clarice.Wyn@yopmail.com,Clarice.Wyn@gmail.com,police officer
992,Elyssa,Cottle,Elyssa.Cottle@yopmail.com,Elyssa.Cottle@gmail.com,doctor
993,Tina,Philoo,Tina.Philoo@yopmail.com,Tina.Philoo@gmail.com,developer
994,Brena,Pacorro,Brena.Pacorro@yopmail.com,Brena.Pacorro@gmail.com,developer
995,Oona,Brenn,Oona.Brenn@yopmail.com,Oona.Brenn@gmail.com,police officer
996,Mallory,Fry,Mallory.Fry@yopmail.com,Mallory.Fry@gmail.com,doctor
997,Deane,Arathorn,Deane.Arathorn@yopmail.com,Deane.Arathorn@gmail.com,worker
998,Fredericka,Chesna,Fredericka.Chesna@yopmail.com,Fredericka.Chesna@gmail.com,worker
999,Aurore,Leonard,Aurore.Leonard@yopmail.com,Aurore.Leonard@gmail.com,doctor
1000,Sandie,Beniamino,Sandie.Beniamino@yopmail.com,Sandie.Beniamino@gmail.com,worker
1001,Ingrid,Thad,Ingrid.Thad@yopmail.com,Ingrid.Thad@gmail.com,police officer
1002,Mamie,Astra,Mamie.Astra@yopmail.com,Mamie.Astra@gmail.com,developer
1003,Alie,Magnolia,Alie.Magnolia@yopmail.com,Alie.Magnolia@gmail.com,worker
1004,Pierette,Karna,Pierette.Karna@yopmail.com,Pierette.Karna@gmail.com,firefighter
1005,Binny,Shirberg,Binny.Shirberg@yopmail.com,Binny.Shirberg@gmail.com,doctor
1006,Donnie,Lindemann,Donnie.Lindemann@yopmail.com,Donnie.Lindemann@gmail.com,firefighter
1007,Theodora,Schwejda,Theodora.Schwejda@yopmail.com,Theodora.Schwejda@gmail.com,firefighter
1008,Wileen,Erb,Wileen.Erb@yopmail.com,Wileen.Erb@gmail.com,worker
1009,Collen,Kesley,Collen.Kesley@yopmail.com,Collen.Kesley@gmail.com,developer
1010,Cherilyn,Fabiola,Cherilyn.Fabiola@yopmail.com,Cherilyn.Fabiola@gmail.com,developer
1011,Arlena,Hanshaw,Arlena.Hanshaw@yopmail.com,Arlena.Hanshaw@gmail.com,police officer
1012,Andeee,Ioab,Andeee.Ioab@yopmail.com,Andeee.Ioab@gmail.com,worker
1013,Rayna,Urias,Rayna.Urias@yopmail.com,Rayna.Urias@gmail.com,firefighter
1014,Flory,Kellby,Flory.Kellby@yopmail.com,Flory.Kellby@gmail.com,firefighter
1015,Charlena,Ball,Charlena.Ball@yopmail.com,Charlena.Ball@gmail.com,developer
1016,Leia,Hurley,Leia.Hurley@yopmail.com,Leia.Hurley@gmail.com,police officer
1017,Tonia,Diogenes,Tonia.Diogenes@yopmail.com,Tonia.Diogenes@gmail.com,worker
1018,Sashenka,Birdella,Sashenka.Birdella@yopmail.com,Sashenka.Birdella@gmail.com,doctor
1019,Nanete,Wareing,Nanete.Wareing@yopmail.com,Nanete.Wareing@gmail.com,firefighter
1020,Kial,Dituri,Kial.Dituri@yopmail.com,Kial.Dituri@gmail.com,doctor
1021,Millie,Brian,Millie.Brian@yopmail.com,Millie.Brian@gmail.com,firefighter
1022,Jacenta,Lubin,Jacenta.Lubin@yopmail.com,Jacenta.Lubin@gmail.com,police officer
1023,Abbie,Maples,Abbie.Maples@yopmail.com,Abbie.Maples@gmail.com,worker
1024,Priscilla,Edvard,Priscilla.Edvard@yopmail.com,Priscilla.Edvard@gmail.com,doctor
1025,Katuscha,Bearnard,Katuscha.Bearnard@yopmail.com,Katuscha.Bearnard@gmail.com,doctor
1026,Raina,Jerold,Raina.Jerold@yopmail.com,Raina.Jerold@gmail.com,doctor
1027,Jillayne,Douglass,Jillayne.Douglass@yopmail.com,Jillayne.Douglass@gmail.com,police officer
1028,Fina,Esmaria,Fina.Esmaria@yopmail.com,Fina.Esmaria@gmail.com,doctor
1029,Silvana,Narton,Silvana.Narton@yopmail.com,Silvana.Narton@gmail.com,worker
1030,Cindelyn,Ciapas,Cindelyn.Ciapas@yopmail.com,Cindelyn.Ciapas@gmail.com,worker
1031,Daryl,Chick,Daryl.Chick@yopmail.com,Daryl.Chick@gmail.com,doctor
1032,Renae,Tamar,Renae.Tamar@yopmail.com,Renae.Tamar@gmail.com,developer
1033,Monika,Bigner,Monika.Bigner@yopmail.com,Monika.Bigner@gmail.com,developer
1034,Jillayne,Dermott,Jillayne.Dermott@yopmail.com,Jillayne.Dermott@gmail.com,doctor
1035,Zondra,Freddi,Zondra.Freddi@yopmail.com,Zondra.Freddi@gmail.com,worker
1036,Nadine,Cavan,Nadine.Cavan@yopmail.com,Nadine.Cavan@gmail.com,firefighter
1037,Shaine,Screens,Shaine.Screens@yopmail.com,Shaine.Screens@gmail.com,police officer
1038,Atlanta,Deny,Atlanta.Deny@yopmail.com,Atlanta.Deny@gmail.com,doctor
1039,Brana,Astra,Brana.Astra@yopmail.com,Brana.Astra@gmail.com,worker
1040,Debee,Felizio,Debee.Felizio@yopmail.com,Debee.Felizio@gmail.com,police officer
1041,Chastity,Baylor,Chastity.Baylor@yopmail.com,Chastity.Baylor@gmail.com,developer
1042,Valeda,Magnolia,Valeda.Magnolia@yopmail.com,Valeda.Magnolia@gmail.com,firefighter
1043,Agnese,Goth,Agnese.Goth@yopmail.com,Agnese.Goth@gmail.com,developer
1044,Kristina,Keelia,Kristina.Keelia@yopmail.com,Kristina.Keelia@gmail.com,developer
1045,Ernesta,Cath,Ernesta.Cath@yopmail.com,Ernesta.Cath@gmail.com,doctor
1046,Oralee,Telfer,Oralee.Telfer@yopmail.com,Oralee.Telfer@gmail.com,firefighter
1047,Asia,Dermott,Asia.Dermott@yopmail.com,Asia.Dermott@gmail.com,doctor
1048,Lucille,Francyne,Lucille.Francyne@yopmail.com,Lucille.Francyne@gmail.com,firefighter
1049,Ketti,Mike,Ketti.Mike@yopmail.com,Ketti.Mike@gmail.com,firefighter
1050,Jasmina,Ledah,Jasmina.Ledah@yopmail.com,Jasmina.Ledah@gmail.com,worker
1051,Mildrid,Gunn,Mildrid.Gunn@yopmail.com,Mildrid.Gunn@gmail.com,doctor
1052,Goldie,Virgin,Goldie.Virgin@yopmail.com,Goldie.Virgin@gmail.com,doctor
1053,Laure,Emerson,Laure.Emerson@yopmail.com,Laure.Emerson@gmail.com,firefighter
1054,Cherrita,Zetta,Cherrita.Zetta@yopmail.com,Cherrita.Zetta@gmail.com,worker
1055,Aurore,Dorine,Aurore.Dorine@yopmail.com,Aurore.Dorine@gmail.com,developer
1056,Amelia,Pitt,Amelia.Pitt@yopmail.com,Amelia.Pitt@gmail.com,firefighter
1057,Sybille,Byrne,Sybille.Byrne@yopmail.com,Sybille.Byrne@gmail.com,police officer
1058,Alameda,Curren,Alameda.Curren@yopmail.com,Alameda.Curren@gmail.com,doctor
1059,Trudie,Nickola,Trudie.Nickola@yopmail.com,Trudie.Nickola@gmail.com,police officer
1060,Gertrud,Saunderson,Gertrud.Saunderson@yopmail.com,Gertrud.Saunderson@gmail.com,firefighter
1061,Gloria,Lindemann,Gloria.Lindemann@yopmail.com,Gloria.Lindemann@gmail.com,police officer
1062,Frank,Pierette,Frank.Pierette@yopmail.com,Frank.Pierette@gmail.com,developer
1063,Joelly,Burkle,Joelly.Burkle@yopmail.com,Joelly.Burkle@gmail.com,police officer
1064,Emma,Lubin,Emma.Lubin@yopmail.com,Emma.Lubin@gmail.com,firefighter
1065,Bibby,Evvie,Bibby.Evvie@yopmail.com,Bibby.Evvie@gmail.com,firefighter
1066,Jinny,Fleeta,Jinny.Fleeta@yopmail.com,Jinny.Fleeta@gmail.com,developer
1067,Imojean,Lilas,Imojean.Lilas@yopmail.com,Imojean.Lilas@gmail.com,developer
1068,Edith,Tannie,Edith.Tannie@yopmail.com,Edith.Tannie@gmail.com,developer
1069,Ingrid,Ezar,Ingrid.Ezar@yopmail.com,Ingrid.Ezar@gmail.com,firefighter
1070,Deedee,Palocz,Deedee.Palocz@yopmail.com,Deedee.Palocz@gmail.com,developer
1071,Queenie,Nadia,Queenie.Nadia@yopmail.com,Queenie.Nadia@gmail.com,worker
1072,Emmey,Berriman,Emmey.Berriman@yopmail.com,Emmey.Berriman@gmail.com,worker
1073,Gui,Rubie,Gui.Rubie@yopmail.com,Gui.Rubie@gmail.com,worker
1074,Rosaline,Warthman,Rosaline.Warthman@yopmail.com,Rosaline.Warthman@gmail.com,police officer
1075,Kary,Fiester,Kary.Fiester@yopmail.com,Kary.Fiester@gmail.com,worker
1076,Nerta,Minetta,Nerta.Minetta@yopmail.com,Nerta.Minetta@gmail.com,firefighter
1077,Cacilie,Bakerman,Cacilie.Bakerman@yopmail.com,Cacilie.Bakerman@gmail.com,worker
1078,Riannon,Rad,Riannon.Rad@yopmail.com,Riannon.Rad@gmail.com,developer
1079,Orsola,Teddman,Orsola.Teddman@yopmail.com,Orsola.Teddman@gmail.com,firefighter
1080,Karina,Zola,Karina.Zola@yopmail.com,Karina.Zola@gmail.com,police officer
1081,Emelina,Guildroy,Emelina.Guildroy@yopmail.com,Emelina.Guildroy@gmail.com,worker
1082,Aaren,Gusella,Aaren.Gusella@yopmail.com,Aaren.Gusella@gmail.com,worker
1083,Dede,Bartlett,Dede.Bartlett@yopmail.com,Dede.Bartlett@gmail.com,doctor
1084,Melodie,Bury,Melodie.Bury@yopmail.com,Melodie.Bury@gmail.com,doctor
1085,Blake,Gower,Blake.Gower@yopmail.com,Blake.Gower@gmail.com,police officer
1086,Audrie,Leary,Audrie.Leary@yopmail.com,Audrie.Leary@gmail.com,developer
1087,Maye,Weinreb,Maye.Weinreb@yopmail.com,Maye.Weinreb@gmail.com,developer
1088,Wilma,Jacinda,Wilma.Jacinda@yopmail.com,Wilma.Jacinda@gmail.com,worker
1089,Marinna,Aldric,Marinna.Aldric@yopmail.com,Marinna.Aldric@gmail.com,doctor
1090,Justinn,Iphlgenia,Justinn.Iphlgenia@yopmail.com,Justinn.Iphlgenia@gmail.com,doctor
1091,Madelle,Wyn,Madelle.Wyn@yopmail.com,Madelle.Wyn@gmail.com,doctor
1092,Shannah,Engdahl,Shannah.Engdahl@yopmail.com,Shannah.Engdahl@gmail.com,developer
1093,Yvonne,Stover,Yvonne.Stover@yopmail.com,Yvonne.Stover@gmail.com,developer
1094,Kore,Croix,Kore.Croix@yopmail.com,Kore.Croix@gmail.com,firefighter
1095,Riannon,Koziara,Riannon.Koziara@yopmail.com,Riannon.Koziara@gmail.com,worker
1096,Orelia,Quent,Orelia.Quent@yopmail.com,Orelia.Quent@gmail.com,worker
1097,Katuscha,Elisha,Katuscha.Elisha@yopmail.com,Katuscha.Elisha@gmail.com,police officer
1098,Aigneis,Schroth,Aigneis.Schroth@yopmail.com,Aigneis.Schroth@gmail.com,police officer
1099,Regina,Alva,Regina.Alva@yopmail.com,Regina.Alva@gmail.com,doctor